date,mine_id,section,planned_blast_time,actual_blast_time,delay_hours,blast_status
2026-06-01,Mine A,North Block,2026-06-01 13:00:00,2026-06-01 13:00:00,0.0,Completed
2026-06-01,Mine A,South Pit,2026-06-01 13:00:00,2026-06-01 13:54:00,0.9,Completed
2026-06-01,Mine B,East Ridge,2026-06-01 13:00:00,2026-06-01 13:00:00,0.0,Completed
2026-06-01,Mine B,Deep West,2026-06-01 13:00:00,2026-06-01 13:12:00,0.2,Completed
2026-06-03,Mine A,North Block,2026-06-03 13:00:00,2026-06-03 13:18:00,0.3,Completed
2026-06-03,Mine A,South Pit,2026-06-03 13:00:00,2026-06-03 13:48:00,0.8,Completed
2026-06-03,Mine B,East Ridge,2026-06-03 13:00:00,2026-06-03 13:48:00,0.8,Completed
2026-06-03,Mine B,Deep West,2026-06-03 13:00:00,2026-06-03 13:00:00,0.0,Completed
2026-06-05,Mine A,North Block,2026-06-05 13:00:00,2026-06-05 13:12:00,0.2,Completed
2026-06-05,Mine A,South Pit,2026-06-05 13:00:00,2026-06-05 13:42:00,0.7,Completed
2026-06-05,Mine B,East Ridge,2026-06-05 13:00:00,2026-06-05 13:00:00,0.0,Completed
2026-06-05,Mine B,Deep West,2026-06-05 13:00:00,2026-06-05 14:06:00,1.1,Delayed - Traffic Clear
2026-06-07,Mine A,North Block,2026-06-07 13:00:00,2026-06-07 13:48:00,0.8,Completed
2026-06-07,Mine A,South Pit,2026-06-07 13:00:00,2026-06-07 13:30:00,0.5,Completed
2026-06-07,Mine B,East Ridge,2026-06-07 13:00:00,2026-06-07 13:36:00,0.6,Completed
2026-06-07,Mine B,Deep West,2026-06-07 13:00:00,2026-06-07 13:06:00,0.1,Completed
2026-06-09,Mine A,North Block,2026-06-09 13:00:00,2026-06-09 13:00:00,0.0,Completed
2026-06-09,Mine A,South Pit,2026-06-09 13:00:00,2026-06-09 13:06:00,0.1,Completed
2026-06-09,Mine B,East Ridge,2026-06-09 13:00:00,2026-06-09 13:42:00,0.7,Completed
2026-06-09,Mine B,Deep West,2026-06-09 13:00:00,2026-06-09 13:30:00,0.5,Completed
2026-06-11,Mine A,North Block,2026-06-11 13:00:00,2026-06-11 13:06:00,0.1,Completed
2026-06-11,Mine A,South Pit,2026-06-11 13:00:00,2026-06-11 13:48:00,0.8,Completed
2026-06-11,Mine B,East Ridge,2026-06-11 13:00:00,2026-06-11 13:18:00,0.3,Completed
2026-06-11,Mine B,Deep West,2026-06-11 13:00:00,2026-06-11 13:00:00,0.0,Completed
2026-06-13,Mine A,North Block,2026-06-13 13:00:00,2026-06-13 13:36:00,0.6,Completed
2026-06-13,Mine A,South Pit,2026-06-13 13:00:00,2026-06-13 13:00:00,0.0,Completed
2026-06-13,Mine B,East Ridge,2026-06-13 13:00:00,2026-06-13 13:00:00,0.0,Completed
2026-06-13,Mine B,Deep West,2026-06-13 13:00:00,2026-06-13 13:24:00,0.4,Completed
2026-06-15,Mine A,North Block,2026-06-15 13:00:00,2026-06-15 13:00:00,0.0,Completed
2026-06-15,Mine A,South Pit,2026-06-15 13:00:00,2026-06-15 13:12:00,0.2,Completed
2026-06-15,Mine B,East Ridge,2026-06-15 13:00:00,2026-06-15 13:00:00,0.0,Completed
2026-06-15,Mine B,Deep West,2026-06-15 13:00:00,2026-06-15 14:06:00,1.1,Delayed - Traffic Clear
2026-06-17,Mine A,North Block,2026-06-17 13:00:00,2026-06-17 13:00:00,0.0,Completed
2026-06-17,Mine A,South Pit,2026-06-17 13:00:00,2026-06-17 13:06:00,0.1,Completed
2026-06-17,Mine B,East Ridge,2026-06-17 13:00:00,2026-06-17 13:36:00,0.6,Completed
2026-06-17,Mine B,Deep West,2026-06-17 13:00:00,2026-06-17 13:00:00,0.0,Completed
2026-06-19,Mine A,North Block,2026-06-19 13:00:00,2026-06-19 13:00:00,0.0,Completed
2026-06-19,Mine A,South Pit,2026-06-19 13:00:00,2026-06-19 13:36:00,0.6,Completed
2026-06-19,Mine B,East Ridge,2026-06-19 13:00:00,2026-06-19 13:06:00,0.1,Completed
2026-06-19,Mine B,Deep West,2026-06-19 13:00:00,2026-06-19 13:00:00,0.0,Completed
2026-06-21,Mine A,North Block,2026-06-21 13:00:00,2026-06-21 13:48:00,0.8,Completed
2026-06-21,Mine A,South Pit,2026-06-21 13:00:00,2026-06-21 13:00:00,0.0,Completed
2026-06-21,Mine B,East Ridge,2026-06-21 13:00:00,2026-06-21 13:12:00,0.2,Completed
2026-06-21,Mine B,Deep West,2026-06-21 13:00:00,2026-06-21 13:00:00,0.0,Completed
2026-06-23,Mine A,North Block,2026-06-23 13:00:00,2026-06-23 13:36:00,0.6,Completed
2026-06-23,Mine A,South Pit,2026-06-23 13:00:00,2026-06-23 14:12:00,1.2,Delayed - Traffic Clear
2026-06-23,Mine B,East Ridge,2026-06-23 13:00:00,2026-06-23 13:00:00,0.0,Completed
2026-06-23,Mine B,Deep West,2026-06-23 13:00:00,2026-06-23 13:30:00,0.5,Completed
2026-06-25,Mine A,North Block,2026-06-25 13:00:00,2026-06-25 13:54:00,0.9,Completed
2026-06-25,Mine A,South Pit,2026-06-25 13:00:00,2026-06-25 13:06:00,0.1,Completed
2026-06-25,Mine B,East Ridge,2026-06-25 13:00:00,2026-06-25 13:00:00,0.0,Completed
2026-06-25,Mine B,Deep West,2026-06-25 13:00:00,2026-06-25 13:42:00,0.7,Completed
2026-06-27,Mine A,North Block,2026-06-27 13:00:00,2026-06-27 14:00:00,1.0,Delayed - Traffic Clear
2026-06-27,Mine A,South Pit,2026-06-27 13:00:00,2026-06-27 13:54:00,0.9,Completed
2026-06-27,Mine B,East Ridge,2026-06-27 13:00:00,2026-06-27 13:36:00,0.6,Completed
2026-06-27,Mine B,Deep West,2026-06-27 13:00:00,2026-06-27 13:30:00,0.5,Completed
2026-06-29,Mine A,North Block,2026-06-29 13:00:00,2026-06-29 13:00:00,0.0,Completed
2026-06-29,Mine A,South Pit,2026-06-29 13:00:00,2026-06-29 13:54:00,0.9,Completed
2026-06-29,Mine B,East Ridge,2026-06-29 13:00:00,2026-06-29 13:54:00,0.9,Completed
2026-06-29,Mine B,Deep West,2026-06-29 13:00:00,2026-06-29 13:00:00,0.0,Completed
2026-07-01,Mine A,North Block,2026-07-01 13:00:00,2026-07-01 13:36:00,0.6,Completed
2026-07-01,Mine A,South Pit,2026-07-01 13:00:00,2026-07-01 13:48:00,0.8,Completed
2026-07-01,Mine B,East Ridge,2026-07-01 13:00:00,2026-07-01 13:54:00,0.9,Completed
2026-07-01,Mine B,Deep West,2026-07-01 13:00:00,2026-07-01 13:24:00,0.4,Completed
2026-07-03,Mine A,North Block,2026-07-03 13:00:00,2026-07-03 13:00:00,0.0,Completed
2026-07-03,Mine A,South Pit,2026-07-03 13:00:00,2026-07-03 13:06:00,0.1,Completed
2026-07-03,Mine B,East Ridge,2026-07-03 13:00:00,2026-07-03 13:00:00,0.0,Completed
2026-07-03,Mine B,Deep West,2026-07-03 13:00:00,2026-07-03 13:24:00,0.4,Completed
2026-07-05,Mine A,North Block,2026-07-05 13:00:00,2026-07-05 13:18:00,0.3,Completed
2026-07-05,Mine A,South Pit,2026-07-05 13:00:00,2026-07-05 14:42:00,1.7,Delayed - Traffic Clear
2026-07-05,Mine B,East Ridge,2026-07-05 13:00:00,2026-07-05 13:54:00,0.9,Completed
2026-07-05,Mine B,Deep West,2026-07-05 13:00:00,2026-07-05 14:00:00,1.0,Delayed - Traffic Clear
2026-07-07,Mine A,North Block,2026-07-07 13:00:00,2026-07-07 13:42:00,0.7,Completed
2026-07-07,Mine A,South Pit,2026-07-07 13:00:00,2026-07-07 13:12:00,0.2,Completed
2026-07-07,Mine B,East Ridge,2026-07-07 13:00:00,2026-07-07 13:12:00,0.2,Completed
2026-07-07,Mine B,Deep West,2026-07-07 13:00:00,2026-07-07 13:18:00,0.3,Completed
2026-07-09,Mine A,North Block,2026-07-09 13:00:00,2026-07-09 13:30:00,0.5,Completed
2026-07-09,Mine A,South Pit,2026-07-09 13:00:00,2026-07-09 13:36:00,0.6,Completed
2026-07-09,Mine B,East Ridge,2026-07-09 13:00:00,2026-07-09 13:24:00,0.4,Completed
2026-07-09,Mine B,Deep West,2026-07-09 13:00:00,2026-07-09 13:12:00,0.2,Completed
2026-07-11,Mine A,North Block,2026-07-11 13:00:00,2026-07-11 13:00:00,0.0,Completed
2026-07-11,Mine A,South Pit,2026-07-11 13:00:00,2026-07-11 13:00:00,0.0,Completed
2026-07-11,Mine B,East Ridge,2026-07-11 13:00:00,2026-07-11 14:12:00,1.2,Delayed - Traffic Clear
2026-07-11,Mine B,Deep West,2026-07-11 13:00:00,2026-07-11 14:42:00,1.7,Delayed - Traffic Clear
2026-07-13,Mine A,North Block,2026-07-13 13:00:00,2026-07-13 14:06:00,1.1,Delayed - Traffic Clear
2026-07-13,Mine A,South Pit,2026-07-13 13:00:00,2026-07-13 13:00:00,0.0,Completed
2026-07-13,Mine B,East Ridge,2026-07-13 13:00:00,2026-07-13 13:54:00,0.9,Completed
2026-07-13,Mine B,Deep West,2026-07-13 13:00:00,2026-07-13 14:00:00,1.0,Delayed - Traffic Clear
2026-07-15,Mine A,North Block,2026-07-15 13:00:00,2026-07-15 13:12:00,0.2,Completed
2026-07-15,Mine A,South Pit,2026-07-15 13:00:00,2026-07-15 13:42:00,0.7,Completed
2026-07-15,Mine B,East Ridge,2026-07-15 13:00:00,2026-07-15 13:06:00,0.1,Completed
2026-07-15,Mine B,Deep West,2026-07-15 13:00:00,2026-07-15 14:18:00,1.3,Delayed - Traffic Clear
2026-07-17,Mine A,North Block,2026-07-17 13:00:00,2026-07-17 13:36:00,0.6,Completed
2026-07-17,Mine A,South Pit,2026-07-17 13:00:00,2026-07-17 13:00:00,0.0,Completed
2026-07-17,Mine B,East Ridge,2026-07-17 13:00:00,2026-07-17 13:48:00,0.8,Completed
2026-07-17,Mine B,Deep West,2026-07-17 13:00:00,2026-07-17 14:00:00,1.0,Delayed - Traffic Clear
2026-07-19,Mine A,North Block,2026-07-19 13:00:00,2026-07-19 13:30:00,0.5,Completed
2026-07-19,Mine A,South Pit,2026-07-19 13:00:00,2026-07-19 13:42:00,0.7,Completed
2026-07-19,Mine B,East Ridge,2026-07-19 13:00:00,2026-07-19 13:24:00,0.4,Completed
2026-07-19,Mine B,Deep West,2026-07-19 13:00:00,2026-07-19 13:00:00,0.0,Completed
2026-07-21,Mine A,North Block,2026-07-21 13:00:00,2026-07-21 13:18:00,0.3,Completed
2026-07-21,Mine A,South Pit,2026-07-21 13:00:00,2026-07-21 13:42:00,0.7,Completed
2026-07-21,Mine B,East Ridge,2026-07-21 13:00:00,2026-07-21 13:18:00,0.3,Completed
2026-07-21,Mine B,Deep West,2026-07-21 13:00:00,2026-07-21 13:54:00,0.9,Completed
2026-07-23,Mine A,North Block,2026-07-23 13:00:00,2026-07-23 13:12:00,0.2,Completed
2026-07-23,Mine A,South Pit,2026-07-23 13:00:00,2026-07-23 13:12:00,0.2,Completed
2026-07-23,Mine B,East Ridge,2026-07-23 13:00:00,2026-07-23 13:54:00,0.9,Completed
2026-07-23,Mine B,Deep West,2026-07-23 13:00:00,2026-07-23 13:30:00,0.5,Completed
2026-07-25,Mine A,North Block,2026-07-25 13:00:00,2026-07-25 13:12:00,0.2,Completed
2026-07-25,Mine A,South Pit,2026-07-25 13:00:00,2026-07-25 14:00:00,1.0,Delayed - Traffic Clear
2026-07-25,Mine B,East Ridge,2026-07-25 13:00:00,2026-07-25 13:00:00,0.0,Completed
2026-07-25,Mine B,Deep West,2026-07-25 13:00:00,2026-07-25 13:00:00,0.0,Completed
2026-07-27,Mine A,North Block,2026-07-27 13:00:00,2026-07-27 13:00:00,0.0,Completed
2026-07-27,Mine A,South Pit,2026-07-27 13:00:00,2026-07-27 13:06:00,0.1,Completed
2026-07-27,Mine B,East Ridge,2026-07-27 13:00:00,2026-07-27 14:12:00,1.2,Delayed - Traffic Clear
2026-07-27,Mine B,Deep West,2026-07-27 13:00:00,2026-07-27 13:00:00,0.0,Completed
2026-07-29,Mine A,North Block,2026-07-29 13:00:00,2026-07-29 13:00:00,0.0,Completed
2026-07-29,Mine A,South Pit,2026-07-29 13:00:00,2026-07-29 13:42:00,0.7,Completed
2026-07-29,Mine B,East Ridge,2026-07-29 13:00:00,2026-07-29 13:00:00,0.0,Completed
2026-07-29,Mine B,Deep West,2026-07-29 13:00:00,2026-07-29 13:06:00,0.1,Completed
2026-07-31,Mine A,North Block,2026-07-31 13:00:00,2026-07-31 14:06:00,1.1,Delayed - Traffic Clear
2026-07-31,Mine A,South Pit,2026-07-31 13:00:00,2026-07-31 14:36:00,1.6,Delayed - Traffic Clear
2026-07-31,Mine B,East Ridge,2026-07-31 13:00:00,2026-07-31 13:36:00,0.6,Completed
2026-07-31,Mine B,Deep West,2026-07-31 13:00:00,2026-07-31 13:00:00,0.0,Completed
2026-08-02,Mine A,North Block,2026-08-02 13:00:00,2026-08-02 13:00:00,0.0,Completed
2026-08-02,Mine A,South Pit,2026-08-02 13:00:00,2026-08-02 13:30:00,0.5,Completed
2026-08-02,Mine B,East Ridge,2026-08-02 13:00:00,2026-08-02 13:36:00,0.6,Completed
2026-08-02,Mine B,Deep West,2026-08-02 13:00:00,2026-08-02 14:30:00,1.5,Delayed - Traffic Clear
2026-08-04,Mine A,North Block,2026-08-04 13:00:00,2026-08-04 14:00:00,1.0,Delayed - Traffic Clear
2026-08-04,Mine A,South Pit,2026-08-04 13:00:00,2026-08-04 13:30:00,0.5,Completed
2026-08-04,Mine B,East Ridge,2026-08-04 13:00:00,2026-08-04 13:12:00,0.2,Completed
2026-08-04,Mine B,Deep West,2026-08-04 13:00:00,2026-08-04 15:12:00,2.2,Delayed - Traffic Clear
2026-08-06,Mine A,North Block,2026-08-06 13:00:00,2026-08-06 13:48:00,0.8,Completed
2026-08-06,Mine A,South Pit,2026-08-06 13:00:00,2026-08-06 13:00:00,0.0,Completed
2026-08-06,Mine B,East Ridge,2026-08-06 13:00:00,2026-08-06 13:18:00,0.3,Completed
2026-08-06,Mine B,Deep West,2026-08-06 13:00:00,2026-08-06 13:00:00,0.0,Completed
2026-08-08,Mine A,North Block,2026-08-08 13:00:00,2026-08-08 13:00:00,0.0,Completed
2026-08-08,Mine A,South Pit,2026-08-08 13:00:00,2026-08-08 13:36:00,0.6,Completed
2026-08-08,Mine B,East Ridge,2026-08-08 13:00:00,2026-08-08 14:30:00,1.5,Delayed - Traffic Clear
2026-08-08,Mine B,Deep West,2026-08-08 13:00:00,2026-08-08 13:00:00,0.0,Completed
2026-08-10,Mine A,North Block,2026-08-10 13:00:00,2026-08-10 13:24:00,0.4,Completed
2026-08-10,Mine A,South Pit,2026-08-10 13:00:00,2026-08-10 13:00:00,0.0,Completed
2026-08-10,Mine B,East Ridge,2026-08-10 13:00:00,2026-08-10 13:42:00,0.7,Completed
2026-08-10,Mine B,Deep West,2026-08-10 13:00:00,2026-08-10 13:18:00,0.3,Completed
2026-08-12,Mine A,North Block,2026-08-12 13:00:00,2026-08-12 13:00:00,0.0,Completed
2026-08-12,Mine A,South Pit,2026-08-12 13:00:00,2026-08-12 13:00:00,0.0,Completed
2026-08-12,Mine B,East Ridge,2026-08-12 13:00:00,2026-08-12 13:00:00,0.0,Completed
2026-08-12,Mine B,Deep West,2026-08-12 13:00:00,2026-08-12 14:12:00,1.2,Delayed - Traffic Clear
2026-08-14,Mine A,North Block,2026-08-14 13:00:00,2026-08-14 14:12:00,1.2,Delayed - Traffic Clear
2026-08-14,Mine A,South Pit,2026-08-14 13:00:00,2026-08-14 13:12:00,0.2,Completed
2026-08-14,Mine B,East Ridge,2026-08-14 13:00:00,2026-08-14 14:06:00,1.1,Delayed - Traffic Clear
2026-08-14,Mine B,Deep West,2026-08-14 13:00:00,2026-08-14 13:18:00,0.3,Completed
2026-08-16,Mine A,North Block,2026-08-16 13:00:00,2026-08-16 13:12:00,0.2,Completed
2026-08-16,Mine A,South Pit,2026-08-16 13:00:00,2026-08-16 13:24:00,0.4,Completed
2026-08-16,Mine B,East Ridge,2026-08-16 13:00:00,2026-08-16 13:36:00,0.6,Completed
2026-08-16,Mine B,Deep West,2026-08-16 13:00:00,2026-08-16 13:06:00,0.1,Completed
2026-08-18,Mine A,North Block,2026-08-18 13:00:00,2026-08-18 13:24:00,0.4,Completed
2026-08-18,Mine A,South Pit,2026-08-18 13:00:00,2026-08-18 13:54:00,0.9,Completed
2026-08-18,Mine B,East Ridge,2026-08-18 13:00:00,2026-08-18 13:30:00,0.5,Completed
2026-08-18,Mine B,Deep West,2026-08-18 13:00:00,2026-08-18 13:24:00,0.4,Completed
2026-08-20,Mine A,North Block,2026-08-20 13:00:00,2026-08-20 13:42:00,0.7,Completed
2026-08-20,Mine A,South Pit,2026-08-20 13:00:00,2026-08-20 13:48:00,0.8,Completed
2026-08-20,Mine B,East Ridge,2026-08-20 13:00:00,2026-08-20 13:24:00,0.4,Completed
2026-08-20,Mine B,Deep West,2026-08-20 13:00:00,2026-08-20 13:06:00,0.1,Completed
2026-08-22,Mine A,North Block,2026-08-22 13:00:00,2026-08-22 13:30:00,0.5,Completed
2026-08-22,Mine A,South Pit,2026-08-22 13:00:00,2026-08-22 13:00:00,0.0,Completed
2026-08-22,Mine B,East Ridge,2026-08-22 13:00:00,2026-08-22 13:18:00,0.3,Completed
2026-08-22,Mine B,Deep West,2026-08-22 13:00:00,2026-08-22 13:00:00,0.0,Completed
2026-08-24,Mine A,North Block,2026-08-24 13:00:00,2026-08-24 13:00:00,0.0,Completed
2026-08-24,Mine A,South Pit,2026-08-24 13:00:00,2026-08-24 13:00:00,0.0,Completed
2026-08-24,Mine B,East Ridge,2026-08-24 13:00:00,2026-08-24 14:00:00,1.0,Delayed - Traffic Clear
2026-08-24,Mine B,Deep West,2026-08-24 13:00:00,2026-08-24 13:24:00,0.4,Completed
2026-08-26,Mine A,North Block,2026-08-26 13:00:00,2026-08-26 13:00:00,0.0,Completed
2026-08-26,Mine A,South Pit,2026-08-26 13:00:00,2026-08-26 13:42:00,0.7,Completed
2026-08-26,Mine B,East Ridge,2026-08-26 13:00:00,2026-08-26 14:00:00,1.0,Delayed - Traffic Clear
2026-08-26,Mine B,Deep West,2026-08-26 13:00:00,2026-08-26 13:42:00,0.7,Completed
2026-08-28,Mine A,North Block,2026-08-28 13:00:00,2026-08-28 13:18:00,0.3,Completed
2026-08-28,Mine A,South Pit,2026-08-28 13:00:00,2026-08-28 13:30:00,0.5,Completed
2026-08-28,Mine B,East Ridge,2026-08-28 13:00:00,2026-08-28 13:54:00,0.9,Completed
2026-08-28,Mine B,Deep West,2026-08-28 13:00:00,2026-08-28 13:06:00,0.1,Completed
2026-08-30,Mine A,North Block,2026-08-30 13:00:00,2026-08-30 13:24:00,0.4,Completed
2026-08-30,Mine A,South Pit,2026-08-30 13:00:00,2026-08-30 13:12:00,0.2,Completed
2026-08-30,Mine B,East Ridge,2026-08-30 13:00:00,2026-08-30 13:00:00,0.0,Completed
2026-08-30,Mine B,Deep West,2026-08-30 13:00:00,2026-08-30 13:54:00,0.9,Completed
2026-09-01,Mine A,North Block,2026-09-01 13:00:00,2026-09-01 14:36:00,1.6,Delayed - Traffic Clear
2026-09-01,Mine A,South Pit,2026-09-01 13:00:00,2026-09-01 13:00:00,0.0,Completed
2026-09-01,Mine B,East Ridge,2026-09-01 13:00:00,2026-09-01 14:00:00,1.0,Delayed - Traffic Clear
2026-09-01,Mine B,Deep West,2026-09-01 13:00:00,2026-09-01 13:00:00,0.0,Completed
2026-09-03,Mine A,North Block,2026-09-03 13:00:00,2026-09-03 13:30:00,0.5,Completed
2026-09-03,Mine A,South Pit,2026-09-03 13:00:00,2026-09-03 14:18:00,1.3,Delayed - Traffic Clear
2026-09-03,Mine B,East Ridge,2026-09-03 13:00:00,2026-09-03 13:06:00,0.1,Completed
2026-09-03,Mine B,Deep West,2026-09-03 13:00:00,2026-09-03 13:24:00,0.4,Completed
2026-09-05,Mine A,North Block,2026-09-05 13:00:00,2026-09-05 13:00:00,0.0,Completed
2026-09-05,Mine A,South Pit,2026-09-05 13:00:00,2026-09-05 13:00:00,0.0,Completed
2026-09-05,Mine B,East Ridge,2026-09-05 13:00:00,2026-09-05 13:00:00,0.0,Completed
2026-09-05,Mine B,Deep West,2026-09-05 13:00:00,2026-09-05 13:42:00,0.7,Completed
2026-09-07,Mine A,North Block,2026-09-07 13:00:00,2026-09-07 13:54:00,0.9,Completed
2026-09-07,Mine A,South Pit,2026-09-07 13:00:00,2026-09-07 13:18:00,0.3,Completed
2026-09-07,Mine B,East Ridge,2026-09-07 13:00:00,2026-09-07 13:36:00,0.6,Completed
2026-09-07,Mine B,Deep West,2026-09-07 13:00:00,2026-09-07 13:12:00,0.2,Completed
2026-09-09,Mine A,North Block,2026-09-09 13:00:00,2026-09-09 13:48:00,0.8,Completed
2026-09-09,Mine A,South Pit,2026-09-09 13:00:00,2026-09-09 13:30:00,0.5,Completed
2026-09-09,Mine B,East Ridge,2026-09-09 13:00:00,2026-09-09 13:00:00,0.0,Completed
2026-09-09,Mine B,Deep West,2026-09-09 13:00:00,2026-09-09 14:00:00,1.0,Delayed - Traffic Clear
2026-09-11,Mine A,North Block,2026-09-11 13:00:00,2026-09-11 13:12:00,0.2,Completed
2026-09-11,Mine A,South Pit,2026-09-11 13:00:00,2026-09-11 13:00:00,0.0,Completed
2026-09-11,Mine B,East Ridge,2026-09-11 13:00:00,2026-09-11 13:06:00,0.1,Completed
2026-09-11,Mine B,Deep West,2026-09-11 13:00:00,2026-09-11 13:00:00,0.0,Completed
2026-09-13,Mine A,North Block,2026-09-13 13:00:00,2026-09-13 13:00:00,0.0,Completed
2026-09-13,Mine A,South Pit,2026-09-13 13:00:00,2026-09-13 13:30:00,0.5,Completed
2026-09-13,Mine B,East Ridge,2026-09-13 13:00:00,2026-09-13 13:30:00,0.5,Completed
2026-09-13,Mine B,Deep West,2026-09-13 13:00:00,2026-09-13 13:36:00,0.6,Completed
2026-09-15,Mine A,North Block,2026-09-15 13:00:00,2026-09-15 13:24:00,0.4,Completed
2026-09-15,Mine A,South Pit,2026-09-15 13:00:00,2026-09-15 13:00:00,0.0,Completed
2026-09-15,Mine B,East Ridge,2026-09-15 13:00:00,2026-09-15 13:24:00,0.4,Completed
2026-09-15,Mine B,Deep West,2026-09-15 13:00:00,2026-09-15 13:06:00,0.1,Completed
2026-09-17,Mine A,North Block,2026-09-17 13:00:00,2026-09-17 13:00:00,0.0,Completed
2026-09-17,Mine A,South Pit,2026-09-17 13:00:00,2026-09-17 13:00:00,0.0,Completed
2026-09-17,Mine B,East Ridge,2026-09-17 13:00:00,2026-09-17 13:54:00,0.9,Completed
2026-09-17,Mine B,Deep West,2026-09-17 13:00:00,2026-09-17 14:24:00,1.4,Delayed - Traffic Clear
2026-09-19,Mine A,North Block,2026-09-19 13:00:00,2026-09-19 13:48:00,0.8,Completed
2026-09-19,Mine A,South Pit,2026-09-19 13:00:00,2026-09-19 14:18:00,1.3,Delayed - Traffic Clear
2026-09-19,Mine B,East Ridge,2026-09-19 13:00:00,2026-09-19 13:30:00,0.5,Completed
2026-09-19,Mine B,Deep West,2026-09-19 13:00:00,2026-09-19 14:24:00,1.4,Delayed - Traffic Clear
2026-09-21,Mine A,North Block,2026-09-21 13:00:00,2026-09-21 14:36:00,1.6,Delayed - Traffic Clear
2026-09-21,Mine A,South Pit,2026-09-21 13:00:00,2026-09-21 13:00:00,0.0,Completed
2026-09-21,Mine B,East Ridge,2026-09-21 13:00:00,2026-09-21 13:30:00,0.5,Completed
2026-09-21,Mine B,Deep West,2026-09-21 13:00:00,2026-09-21 13:30:00,0.5,Completed
2026-09-23,Mine A,North Block,2026-09-23 13:00:00,2026-09-23 17:24:00,4.4,Delayed - Bench Drainage / Misfire Clearance
2026-09-23,Mine A,South Pit,2026-09-23 13:00:00,2026-09-23 13:06:00,0.1,Completed
2026-09-23,Mine B,East Ridge,2026-09-23 13:00:00,2026-09-23 13:24:00,0.4,Completed
2026-09-23,Mine B,Deep West,2026-09-23 13:00:00,2026-09-23 13:42:00,0.7,Completed
2026-09-25,Mine A,North Block,2026-09-25 13:00:00,2026-09-25 16:36:00,3.6,Delayed - Bench Drainage / Misfire Clearance
2026-09-25,Mine A,South Pit,2026-09-25 13:00:00,2026-09-25 14:06:00,1.1,Delayed - Traffic Clear
2026-09-25,Mine B,East Ridge,2026-09-25 13:00:00,2026-09-25 13:30:00,0.5,Completed
2026-09-25,Mine B,Deep West,2026-09-25 13:00:00,2026-09-25 13:48:00,0.8,Completed
2026-09-27,Mine A,North Block,2026-09-27 13:00:00,2026-09-27 16:48:00,3.8,Delayed - Bench Drainage / Misfire Clearance
2026-09-27,Mine A,South Pit,2026-09-27 13:00:00,2026-09-27 13:12:00,0.2,Completed
2026-09-27,Mine B,East Ridge,2026-09-27 13:00:00,2026-09-27 13:00:00,0.0,Completed
2026-09-27,Mine B,Deep West,2026-09-27 13:00:00,2026-09-27 14:24:00,1.4,Delayed - Traffic Clear
