hole_id,mine_id,latitude,longitude,total_depth_m,section
DH-NB-001,Mine A,21.523092,79.614185,117.4,North Block
DH-NB-002,Mine A,21.523155,79.617583,97.9,North Block
DH-NB-003,Mine A,21.522962,79.621471,184.4,North Block
DH-NB-004,Mine A,21.522593,79.624909,124.3,North Block
DH-NB-005,Mine A,21.522444,79.627959,170.6,North Block
DH-NB-006,Mine A,21.522182,79.632287,120.2,North Block
DH-NB-007,Mine A,21.522997,79.635541,154.5,North Block
DH-NB-008,Mine A,21.525758,79.614575,135.5,North Block
DH-NB-009,Mine A,21.526262,79.617526,171.5,North Block
DH-NB-010,Mine A,21.526075,79.621987,175.6,North Block
DH-NB-011,Mine A,21.526401,79.624891,114.1,North Block
DH-NB-012,Mine A,21.526693,79.628544,161.4,North Block
DH-NB-013,Mine A,21.52628,79.63165,139.8,North Block
DH-NB-014,Mine A,21.525739,79.63597,170.5,North Block
DH-NB-015,Mine A,21.529683,79.614607,103.2,North Block
DH-NB-016,Mine A,21.530295,79.617697,159.5,North Block
DH-NB-017,Mine A,21.529595,79.621121,132.1,North Block
DH-NB-018,Mine A,21.529385,79.624413,113.0,North Block
DH-NB-019,Mine A,21.529402,79.628831,136.2,North Block
DH-NB-020,Mine A,21.529932,79.631585,151.4,North Block
DH-NB-021,Mine A,21.529988,79.63542,109.2,North Block
DH-NB-022,Mine A,21.533063,79.614844,122.2,North Block
DH-NB-023,Mine A,21.533097,79.618332,146.6,North Block
DH-NB-024,Mine A,21.533257,79.620931,177.9,North Block
DH-NB-025,Mine A,21.533,79.624555,171.3,North Block
DH-NB-026,Mine A,21.533057,79.62803,138.1,North Block
DH-NB-027,Mine A,21.533769,79.631849,97.7,North Block
DH-NB-028,Mine A,21.532909,79.635053,119.7,North Block
DH-SP-001,Mine A,21.513384,79.621851,114.7,South Pit
DH-SP-002,Mine A,21.515101,79.625617,141.1,South Pit
DH-SP-003,Mine A,21.513101,79.625979,126.3,South Pit
DH-SP-004,Mine A,21.516858,79.622787,85.7,South Pit
DH-SP-005,Mine A,21.51477,79.628132,91.6,South Pit
DH-SP-006,Mine A,21.515241,79.6285,131.6,South Pit
DH-SP-007,Mine A,21.513215,79.62796,127.5,South Pit
DH-SP-008,Mine A,21.51582,79.625264,89.7,South Pit
DH-SP-009,Mine A,21.516379,79.628682,97.8,South Pit
DH-SP-010,Mine A,21.515422,79.624683,119.7,South Pit
DH-ER-001,Mine B,21.570342,79.676302,107.8,East Ridge
DH-ER-002,Mine B,21.563637,79.673876,101.7,East Ridge
DH-ER-003,Mine B,21.567612,79.67806,96.2,East Ridge
DH-ER-004,Mine B,21.569939,79.673419,93.2,East Ridge
DH-ER-005,Mine B,21.566416,79.677621,117.4,East Ridge
DH-ER-006,Mine B,21.562774,79.677402,147.8,East Ridge
DH-ER-007,Mine B,21.565388,79.672507,135.9,East Ridge
DH-ER-008,Mine B,21.564272,79.677953,104.3,East Ridge
DH-ER-009,Mine B,21.562458,79.672888,137.5,East Ridge
DH-ER-010,Mine B,21.568258,79.669243,137.0,East Ridge
DH-ER-011,Mine B,21.562718,79.680317,102.6,East Ridge
DH-ER-012,Mine B,21.561505,79.67483,96.0,East Ridge
DH-DW-001,Mine B,21.550308,79.659238,182.4,Deep West
DH-DW-002,Mine B,21.551535,79.654067,159.7,Deep West
DH-DW-003,Mine B,21.557553,79.661017,183.2,Deep West
DH-DW-004,Mine B,21.552487,79.656322,163.4,Deep West
DH-DW-005,Mine B,21.559428,79.654671,145.2,Deep West
DH-DW-006,Mine B,21.552794,79.65431,179.9,Deep West
DH-DW-007,Mine B,21.557179,79.66097,182.1,Deep West
DH-DW-008,Mine B,21.554383,79.659267,181.6,Deep West
DH-DW-009,Mine B,21.553,79.654817,158.3,Deep West
DH-DW-010,Mine B,21.553423,79.656404,166.6,Deep West
