date,mine_id,section,planned_tonnes,actual_tonnes,ore_grade,working_hours,shifts
2026-06-01,Mine A,North Block,1447.4,1379.5,34.21,19.9,3
2026-06-01,Mine A,South Pit,1253.3,1220.7,34.61,21.3,3
2026-06-01,Mine B,East Ridge,1083.6,1069.7,32.99,20.3,3
2026-06-01,Mine B,Deep West,933.7,774.4,34.55,20.2,3
2026-06-02,Mine A,North Block,1394.6,1360.7,32.5,20.6,3
2026-06-02,Mine A,South Pit,1150.6,1068.4,34.16,20.8,3
2026-06-02,Mine B,East Ridge,1080.9,1043.7,32.23,19.7,3
2026-06-02,Mine B,Deep West,963.1,895.7,34.54,19.7,3
2026-06-03,Mine A,North Block,1408.9,1483.0,33.49,19.6,3
2026-06-03,Mine A,South Pit,1163.0,1103.1,33.93,21.2,3
2026-06-03,Mine B,East Ridge,1107.3,954.5,,21.9,3
2026-06-03,Mine B,Deep West,956.9,929.1,34.47,21.8,3
2026-06-04,Mine A,North Block,1426.0,1347.5,31.87,21.6,3
2026-06-04,Mine A,South Pit,1174.8,1048.7,32.53,20.9,3
2026-06-04,Mine B,East Ridge,1111.3,1045.5,32.76,19.5,3
2026-06-04,Mine B,Deep West,971.4,960.8,34.48,21.3,3
2026-06-05,Mine A,North Block,1400.6,1322.9,33.86,20.3,3
2026-06-05,Mine A,South Pit,1234.1,1173.8,33.05,20.3,3
2026-06-05,Mine B,East Ridge,1128.4,1159.8,33.42,19.8,3
2026-06-05,Mine B,Deep West,985.1,993.6,34.38,20.9,3
2026-06-06,Mine A,North Block,1428.7,1483.3,30.62,19.6,3
2026-06-06,Mine A,South Pit,1228.8,1092.5,34.65,20.8,3
2026-06-06,Mine B,East Ridge,1092.3,1068.1,35.13,20.1,3
2026-06-06,Mine B,Deep West,931.9,884.7,33.03,19.9,3
2026-06-07,Mine A,North Block,1462.0,1427.6,32.92,21.7,3
2026-06-07,Mine A,South Pit,1218.0,1252.8,33.69,21.7,3
2026-06-07,Mine B,East Ridge,1075.4,1014.8,33.07,21.5,3
2026-06-07,Mine B,Deep West,898.8,743.5,33.88,20.1,3
2026-06-08,Mine A,North Block,1418.0,1304.4,33.32,20.8,3
2026-06-08,Mine A,South Pit,1214.1,1108.3,35.04,21.9,3
2026-06-08,Mine B,East Ridge,1032.8,990.1,33.57,19.6,3
2026-06-08,Mine B,Deep West,1036.2,1019.5,33.22,20.1,3
2026-06-09,Mine A,North Block,1428.8,1288.2,34.76,20.1,3
2026-06-09,Mine A,South Pit,1226.3,1128.1,35.02,21.1,3
2026-06-09,Mine B,East Ridge,1120.5,1198.4,32.41,19.6,3
2026-06-09,Mine B,Deep West,930.2,972.4,34.46,19.5,3
2026-06-10,Mine A,North Block,1375.7,1325.4,32.33,21.2,3
2026-06-10,Mine A,South Pit,1216.6,1205.7,33.32,19.8,3
2026-06-10,Mine B,East Ridge,1072.6,1012.4,34.39,21.5,3
2026-06-10,Mine B,Deep West,906.9,932.5,36.29,20.1,3
2026-06-11,Mine A,North Block,1439.1,1437.8,32.14,21.3,3
2026-06-11,Mine A,South Pit,1153.8,1143.3,34.84,19.7,3
2026-06-11,Mine B,East Ridge,1110.3,1026.2,35.55,21.1,3
2026-06-11,Mine B,Deep West,966.6,963.4,32.45,20.1,3
2026-06-12,Mine A,North Block,1470.6,1351.4,34.56,21.1,3
2026-06-12,Mine A,South Pit,1214.4,1113.1,33.66,20.4,3
2026-06-12,Mine B,East Ridge,1068.9,982.5,33.42,21.7,3
2026-06-12,Mine B,Deep West,961.9,981.6,34.09,20.8,3
2026-06-13,Mine A,North Block,1420.7,1557.1,34.19,20.2,3
2026-06-13,Mine A,South Pit,1170.0,1125.7,33.35,19.9,3
2026-06-13,Mine B,East Ridge,1092.2,1087.5,34.02,21.9,3
2026-06-13,Mine B,Deep West,947.5,888.2,34.35,20.5,3
2026-06-14,Mine A,North Block,1414.4,1418.4,33.74,21.8,3
2026-06-14,Mine A,South Pit,1156.4,1146.6,35.44,19.7,3
2026-06-14,Mine B,East Ridge,1102.0,994.9,33.89,21.2,3
2026-06-14,Mine B,Deep West,969.6,884.3,35.02,20.2,3
2026-06-15,Mine A,North Block,1448.0,1427.3,34.07,21.5,3
2026-06-15,Mine A,South Pit,1334.8,1370.2,34.59,21.5,3
2026-06-15,Mine B,East Ridge,1089.0,1086.8,32.65,20.9,3
2026-06-15,Mine B,Deep West,941.7,902.2,32.91,20.9,3
2026-06-16,Mine A,North Block,1454.0,1278.6,32.98,19.8,3
2026-06-16,Mine A,South Pit,1238.1,1285.2,33.64,20.0,3
2026-06-16,Mine B,East Ridge,1074.4,1043.1,33.55,20.9,3
2026-06-16,Mine B,Deep West,927.2,953.3,34.41,21.9,3
2026-06-17,Mine A,North Block,1359.1,1317.4,32.77,20.6,3
2026-06-17,Mine A,South Pit,1229.8,1133.1,35.33,19.9,3
2026-06-17,Mine B,East Ridge,1083.4,1004.7,35.44,21.2,3
2026-06-17,Mine B,Deep West,964.2,943.8,35.32,21.0,3
2026-06-18,Mine A,North Block,1376.8,1288.4,34.89,19.5,3
2026-06-18,Mine A,South Pit,1175.2,1114.2,35.56,19.7,3
2026-06-18,Mine B,East Ridge,986.6,896.6,33.22,20.5,3
2026-06-18,Mine B,Deep West,906.3,940.0,34.96,19.6,3
2026-06-19,Mine A,North Block,1480.4,1314.9,34.78,21.1,3
2026-06-19,Mine A,South Pit,1200.4,1140.2,33.57,21.0,3
2026-06-19,Mine B,East Ridge,1104.0,1096.4,35.24,20.6,3
2026-06-19,Mine B,Deep West,906.7,901.6,33.58,20.5,3
2026-06-20,Mine A,North Block,1439.8,1337.4,33.27,21.6,3
2026-06-20,Mine A,South Pit,1182.7,1098.6,33.11,21.2,3
2026-06-20,Mine B,East Ridge,1131.5,1103.6,34.39,20.2,3
2026-06-20,Mine B,Deep West,972.0,959.9,32.72,21.5,3
2026-06-21,Mine A,North Block,1429.3,1380.5,34.91,20.4,3
2026-06-21,Mine A,South Pit,1179.3,1223.7,33.02,21.4,3
2026-06-21,Mine B,East Ridge,1145.7,1101.1,34.25,20.5,3
2026-06-21,Mine B,Deep West,939.1,888.8,32.83,21.9,3
2026-06-22,Mine A,North Block,1433.4,1418.7,32.6,20.2,3
2026-06-22,Mine A,South Pit,1273.2,1299.0,32.18,21.4,3
2026-06-22,Mine B,East Ridge,1121.8,1112.2,33.49,19.6,3
2026-06-22,Mine B,Deep West,918.6,785.9,35.45,21.7,3
2026-06-23,Mine A,North Block,1401.1,1322.5,33.95,21.0,3
2026-06-23,Mine A,South Pit,1180.3,1107.5,33.72,21.6,3
2026-06-23,Mine B,East Ridge,1083.5,1052.7,31.91,21.5,3
2026-06-23,Mine B,Deep West,900.7,834.8,35.0,19.7,3
2026-06-24,Mine A,North Block,1440.9,1489.6,34.44,19.8,3
2026-06-24,Mine A,South Pit,1194.4,1128.6,33.49,20.7,3
2026-06-24,Mine B,East Ridge,1111.3,1020.9,34.07,21.9,3
2026-06-24,Mine B,Deep West,1003.6,890.9,32.57,21.7,3
2026-06-25,Mine A,North Block,1437.8,1381.2,33.61,21.9,3
2026-06-25,Mine A,South Pit,1172.9,1259.4,33.95,21.2,3
2026-06-25,Mine B,East Ridge,1175.4,1083.3,34.46,19.6,3
2026-06-25,Mine B,Deep West,956.4,912.8,34.57,21.1,3
2026-06-26,Mine A,North Block,1400.6,1302.6,31.16,21.0,3
2026-06-26,Mine A,South Pit,1181.6,1021.3,33.9,21.5,3
2026-06-26,Mine B,East Ridge,1068.6,1052.1,32.05,21.8,3
2026-06-26,Mine B,Deep West,1014.1,969.8,33.19,21.5,3
2026-06-27,Mine A,North Block,1370.0,1407.9,33.37,20.5,3
2026-06-27,Mine A,South Pit,1243.3,1186.8,33.44,21.7,3
2026-06-27,Mine B,East Ridge,1100.2,1058.8,33.0,20.6,3
2026-06-27,Mine B,Deep West,971.8,866.4,34.09,21.2,3
2026-06-28,Mine A,North Block,1376.3,1409.2,33.87,20.8,3
2026-06-28,Mine A,South Pit,1173.8,1133.6,35.21,21.6,3
2026-06-28,Mine B,East Ridge,1172.1,1228.1,33.23,19.8,3
2026-06-28,Mine B,Deep West,984.0,1017.9,34.47,20.0,3
2026-06-29,Mine A,North Block,1467.0,1279.3,32.2,21.8,3
2026-06-29,Mine A,South Pit,1128.6,1094.7,31.11,21.5,3
2026-06-29,Mine B,East Ridge,1157.0,1030.9,31.63,20.6,3
2026-06-29,Mine B,Deep West,948.1,909.9,33.94,20.3,3
2026-06-30,Mine A,North Block,1384.3,1375.3,33.9,20.0,3
2026-06-30,Mine A,South Pit,1167.1,1164.0,33.18,20.7,3
2026-06-30,Mine B,East Ridge,1065.5,1049.7,32.92,19.9,3
2026-06-30,Mine B,Deep West,922.2,819.2,33.29,20.4,3
2026-07-01,Mine A,North Block,1498.8,1441.5,32.73,21.7,3
2026-07-01,Mine A,South Pit,1207.5,1210.6,32.82,21.4,3
2026-07-01,Mine B,East Ridge,1081.4,1007.0,33.2,21.0,3
2026-07-01,Mine B,Deep West,869.4,807.4,31.09,21.4,3
2026-07-02,Mine A,North Block,1450.2,1414.8,36.89,19.8,3
2026-07-02,Mine A,South Pit,1239.2,1284.0,30.8,20.1,3
2026-07-02,Mine B,East Ridge,1073.5,954.2,32.79,19.8,3
2026-07-02,Mine B,Deep West,912.1,885.6,34.5,21.2,3
2026-07-03,Mine A,North Block,1429.7,1478.3,33.59,21.0,3
2026-07-03,Mine A,South Pit,1169.9,1097.3,35.24,19.8,3
2026-07-03,Mine B,East Ridge,1069.4,952.7,34.52,20.4,3
2026-07-03,Mine B,Deep West,1016.8,977.5,33.64,20.1,3
2026-07-04,Mine A,North Block,1407.2,1316.6,32.85,19.9,3
2026-07-04,Mine A,South Pit,1169.8,976.6,34.25,22.0,3
2026-07-04,Mine B,East Ridge,1091.6,998.4,32.87,19.9,3
2026-07-04,Mine B,Deep West,976.4,963.1,33.73,20.9,3
2026-07-05,Mine A,North Block,1371.6,1354.0,32.77,20.3,3
2026-07-05,Mine A,South Pit,1220.0,1188.3,30.48,20.1,3
2026-07-05,Mine B,East Ridge,1109.1,1014.6,34.2,19.9,3
2026-07-05,Mine B,Deep West,891.8,980.3,31.73,19.6,3
2026-07-06,Mine A,North Block,1399.9,1317.0,34.61,20.1,3
2026-07-06,Mine A,South Pit,1179.8,1197.9,34.35,21.0,3
2026-07-06,Mine B,East Ridge,1013.5,932.6,34.13,21.6,3
2026-07-06,Mine B,Deep West,942.9,913.2,33.6,20.0,3
2026-07-07,Mine A,North Block,1433.0,1364.5,34.78,19.8,3
2026-07-07,Mine A,South Pit,1208.9,1124.6,34.15,19.9,3
2026-07-07,Mine B,East Ridge,1113.8,1045.8,33.82,20.4,3
2026-07-07,Mine B,Deep West,1022.6,967.9,34.54,21.5,3
2026-07-08,Mine A,North Block,1358.7,1235.9,31.44,21.4,3
2026-07-08,Mine A,South Pit,1187.7,1046.3,33.52,21.7,3
2026-07-08,Mine B,East Ridge,1129.0,959.0,33.76,19.8,3
2026-07-08,Mine B,Deep West,977.0,946.0,34.13,20.3,3
2026-07-09,Mine A,North Block,1441.8,1354.2,34.2,21.7,3
2026-07-09,Mine A,South Pit,1279.5,1197.1,33.94,20.3,3
2026-07-09,Mine B,East Ridge,1129.1,1035.6,33.58,21.4,3
2026-07-09,Mine B,Deep West,933.3,879.8,34.41,21.6,3
2026-07-10,Mine A,North Block,1420.6,1294.3,33.01,20.1,3
2026-07-10,Mine A,South Pit,1213.2,1223.1,34.57,21.1,3
2026-07-10,Mine B,East Ridge,1114.5,1174.5,32.65,20.0,3
2026-07-10,Mine B,Deep West,906.4,877.9,34.42,20.5,3
2026-07-11,Mine A,North Block,1452.9,1390.7,33.81,20.8,3
2026-07-11,Mine A,South Pit,1160.6,1102.4,33.55,21.7,3
2026-07-11,Mine B,East Ridge,1103.8,1099.7,34.03,21.3,3
2026-07-11,Mine B,Deep West,957.8,931.5,32.25,21.0,3
2026-07-12,Mine A,North Block,1485.8,1388.4,32.41,22.0,3
2026-07-12,Mine A,South Pit,1195.6,1299.5,34.08,20.5,3
2026-07-12,Mine B,East Ridge,1094.5,1027.4,32.39,20.8,3
2026-07-12,Mine B,Deep West,892.1,846.2,34.19,20.4,3
2026-07-13,Mine A,North Block,1418.2,1479.8,33.21,19.9,3
2026-07-13,Mine A,South Pit,1147.4,1101.1,32.05,20.5,3
2026-07-13,Mine B,East Ridge,1091.9,1086.2,35.53,19.5,3
2026-07-13,Mine B,Deep West,989.4,899.5,34.07,21.9,3
2026-07-14,Mine A,North Block,1420.6,1285.2,36.33,19.7,3
2026-07-14,Mine A,South Pit,1202.1,1107.0,34.24,21.7,3
2026-07-14,Mine B,East Ridge,1079.9,1007.2,33.46,20.9,3
2026-07-14,Mine B,Deep West,931.0,958.4,30.57,20.6,3
2026-07-15,Mine A,North Block,1473.6,1261.9,33.12,21.7,3
2026-07-15,Mine A,South Pit,1187.0,1130.6,34.08,20.2,3
2026-07-15,Mine B,East Ridge,1061.1,1111.6,34.53,19.6,3
2026-07-15,Mine B,Deep West,994.5,919.7,32.7,21.2,3
2026-07-16,Mine A,North Block,1411.6,1389.7,32.16,19.7,3
2026-07-16,Mine A,South Pit,1225.0,1225.8,32.47,21.6,3
2026-07-16,Mine B,East Ridge,1087.4,1106.9,32.31,20.2,3
2026-07-16,Mine B,Deep West,971.6,851.6,35.44,21.7,3
2026-07-17,Mine A,North Block,1411.7,1429.3,32.73,21.0,3
2026-07-17,Mine A,South Pit,1150.7,1148.2,31.95,20.5,3
2026-07-17,Mine B,East Ridge,1027.1,1073.1,33.73,21.4,3
2026-07-17,Mine B,Deep West,946.6,954.7,33.47,21.5,3
2026-07-18,Mine A,North Block,1417.3,1356.6,33.84,21.1,3
2026-07-18,Mine A,South Pit,1140.1,1059.0,33.04,21.6,3
2026-07-18,Mine B,East Ridge,1100.6,1075.7,32.91,19.5,3
2026-07-18,Mine B,Deep West,922.8,810.7,34.11,20.9,3
2026-07-19,Mine A,North Block,1466.0,1442.0,33.78,21.0,3
2026-07-19,Mine A,South Pit,1234.4,1123.1,34.06,21.8,3
2026-07-19,Mine B,East Ridge,1035.6,927.9,,19.9,3
2026-07-19,Mine B,Deep West,950.9,896.3,33.72,21.0,3
2026-07-20,Mine A,North Block,1408.6,1253.2,32.48,21.3,3
2026-07-20,Mine A,South Pit,1152.7,1139.7,31.57,20.7,3
2026-07-20,Mine B,East Ridge,1117.3,1082.9,32.56,19.6,3
2026-07-20,Mine B,Deep West,974.5,965.1,31.83,19.6,3
2026-07-21,Mine A,North Block,1519.6,1451.5,34.76,19.8,3
2026-07-21,Mine A,South Pit,1175.4,1139.0,33.13,20.7,3
2026-07-21,Mine B,East Ridge,1078.1,1132.7,34.28,21.5,3
2026-07-21,Mine B,Deep West,930.3,842.5,34.52,21.0,3
2026-07-22,Mine A,North Block,1404.6,1331.0,33.42,20.0,3
2026-07-22,Mine A,South Pit,1221.7,1237.9,33.63,21.3,3
2026-07-22,Mine B,East Ridge,1119.6,1135.3,34.42,20.1,3
2026-07-22,Mine B,Deep West,966.1,853.7,33.44,22.0,3
2026-07-23,Mine A,North Block,1445.0,1402.2,33.8,21.8,3
2026-07-23,Mine A,South Pit,1155.3,1134.9,33.27,21.9,3
2026-07-23,Mine B,East Ridge,1098.6,1092.1,33.53,20.3,3
2026-07-23,Mine B,Deep West,951.0,846.1,34.05,19.8,3
2026-07-24,Mine A,North Block,1437.8,1345.9,34.88,19.7,3
2026-07-24,Mine A,South Pit,1168.7,1146.1,31.38,21.5,3
2026-07-24,Mine B,East Ridge,1136.1,1006.3,33.79,20.1,3
2026-07-24,Mine B,Deep West,981.1,976.9,33.55,21.5,3
2026-07-25,Mine A,North Block,1411.9,1454.9,36.03,21.7,3
2026-07-25,Mine A,South Pit,1187.3,1040.0,31.57,21.3,3
2026-07-25,Mine B,East Ridge,1085.3,1026.6,32.02,20.2,3
2026-07-25,Mine B,Deep West,917.8,792.4,32.17,21.2,3
2026-07-26,Mine A,North Block,1464.5,1390.3,33.45,21.0,3
2026-07-26,Mine A,South Pit,1223.6,1246.1,35.28,20.8,3
2026-07-26,Mine B,East Ridge,1077.7,1006.0,32.81,21.4,3
2026-07-26,Mine B,Deep West,930.6,870.3,33.32,21.9,3
2026-07-27,Mine A,North Block,1479.7,1378.3,32.58,21.5,3
2026-07-27,Mine A,South Pit,1216.5,1124.9,32.73,20.8,3
2026-07-27,Mine B,East Ridge,1154.2,1211.7,32.83,21.7,3
2026-07-27,Mine B,Deep West,936.4,924.4,34.69,20.9,3
2026-07-28,Mine A,North Block,1423.8,1310.0,31.98,21.3,3
2026-07-28,Mine A,South Pit,1174.4,1078.0,33.49,20.1,3
2026-07-28,Mine B,East Ridge,1081.9,1050.7,33.48,20.7,3
2026-07-28,Mine B,Deep West,991.6,1011.7,33.88,20.4,3
2026-07-29,Mine A,North Block,1453.9,1530.0,34.14,21.5,3
2026-07-29,Mine A,South Pit,1187.4,1195.3,33.96,21.7,3
2026-07-29,Mine B,East Ridge,1128.7,1112.2,34.67,21.0,3
2026-07-29,Mine B,Deep West,990.9,919.1,34.03,21.7,3
2026-07-30,Mine A,North Block,1424.2,1377.7,34.83,19.9,3
2026-07-30,Mine A,South Pit,1171.4,1149.0,33.94,20.8,3
2026-07-30,Mine B,East Ridge,1106.7,1065.0,32.0,21.1,3
2026-07-30,Mine B,Deep West,976.1,1010.0,33.73,19.8,3
2026-07-31,Mine A,North Block,1438.7,1494.6,33.4,21.1,3
2026-07-31,Mine A,South Pit,1209.8,1172.0,33.95,19.7,3
2026-07-31,Mine B,East Ridge,1137.6,1033.7,33.65,20.4,3
2026-07-31,Mine B,Deep West,925.5,866.3,33.64,21.7,3
2026-08-01,Mine A,North Block,1410.4,1380.6,35.22,21.2,3
2026-08-01,Mine A,South Pit,1197.7,1047.9,33.05,22.0,3
2026-08-01,Mine B,East Ridge,1049.3,849.7,29.3,17.6,3
2026-08-01,Mine B,Deep West,914.3,910.1,33.77,21.1,3
2026-08-02,Mine A,North Block,1410.3,1338.2,32.24,21.9,3
2026-08-02,Mine A,South Pit,1264.6,1146.4,31.82,22.0,3
2026-08-02,Mine B,East Ridge,1075.8,887.1,31.26,16.4,3
2026-08-02,Mine B,Deep West,962.3,927.4,33.25,20.4,3
2026-08-03,Mine A,North Block,1427.1,1449.7,33.88,21.4,3
2026-08-03,Mine A,South Pit,1216.0,1195.3,34.17,21.1,3
2026-08-03,Mine B,East Ridge,1106.9,938.4,32.21,17.0,3
2026-08-03,Mine B,Deep West,926.3,972.7,33.46,19.7,3
2026-08-04,Mine A,North Block,1379.9,1214.9,34.12,21.5,3
2026-08-04,Mine A,South Pit,1184.4,1025.1,33.0,21.0,3
2026-08-04,Mine B,East Ridge,1015.2,829.9,32.29,17.6,3
2026-08-04,Mine B,Deep West,964.9,925.1,32.87,19.8,3
2026-08-05,Mine A,North Block,1429.9,1289.9,35.15,20.9,3
2026-08-05,Mine A,South Pit,1230.7,1127.5,33.54,20.4,3
2026-08-05,Mine B,East Ridge,1064.9,888.2,31.22,17.4,3
2026-08-05,Mine B,Deep West,930.0,919.4,35.04,19.6,3
2026-08-06,Mine A,North Block,1462.4,1536.4,33.89,21.7,3
2026-08-06,Mine A,South Pit,1231.3,1221.2,34.65,19.7,3
2026-08-06,Mine B,East Ridge,1081.3,923.1,32.82,16.9,3
2026-08-06,Mine B,Deep West,956.9,937.8,35.9,21.3,3
2026-08-07,Mine A,North Block,1407.2,1316.9,33.15,21.9,3
2026-08-07,Mine A,South Pit,1214.8,1103.6,32.92,21.5,3
2026-08-07,Mine B,East Ridge,1099.1,915.9,33.64,17.4,3
2026-08-07,Mine B,Deep West,951.3,919.0,34.17,19.7,3
2026-08-08,Mine A,North Block,1394.2,1414.5,33.38,21.3,3
2026-08-08,Mine A,South Pit,1183.1,1228.9,32.15,22.0,3
2026-08-08,Mine B,East Ridge,1048.7,841.5,31.72,16.9,3
2026-08-08,Mine B,Deep West,986.6,941.9,35.46,21.7,3
2026-08-09,Mine A,North Block,1424.0,1430.0,34.22,21.8,3
2026-08-09,Mine A,South Pit,1144.8,1129.5,32.12,21.1,3
2026-08-09,Mine B,East Ridge,1078.1,908.8,31.9,17.8,3
2026-08-09,Mine B,Deep West,930.7,862.2,33.47,20.1,3
2026-08-10,Mine A,North Block,1471.0,1400.6,34.67,20.8,3
2026-08-10,Mine A,South Pit,1240.2,1082.7,33.1,21.9,3
2026-08-10,Mine B,East Ridge,1060.8,865.1,30.21,17.5,3
2026-08-10,Mine B,Deep West,990.6,873.9,33.2,19.7,3
2026-08-11,Mine A,North Block,1432.7,1283.5,34.6,20.6,3
2026-08-11,Mine A,South Pit,1182.7,1173.8,31.97,21.3,3
2026-08-11,Mine B,East Ridge,1087.8,1025.3,33.15,21.6,3
2026-08-11,Mine B,Deep West,1022.7,1000.3,34.93,21.7,3
2026-08-12,Mine A,North Block,1420.9,1350.1,33.42,20.8,3
2026-08-12,Mine A,South Pit,1198.7,1142.9,32.36,21.8,3
2026-08-12,Mine B,East Ridge,1102.8,948.5,34.51,20.6,3
2026-08-12,Mine B,Deep West,962.1,822.6,36.73,21.2,3
2026-08-13,Mine A,North Block,1468.8,1333.7,34.17,21.9,3
2026-08-13,Mine A,South Pit,1163.1,1132.7,32.78,20.6,3
2026-08-13,Mine B,East Ridge,1093.3,1061.5,34.46,21.9,3
2026-08-13,Mine B,Deep West,967.3,927.1,35.7,21.0,3
2026-08-14,Mine A,North Block,1437.0,1455.0,34.72,20.0,3
2026-08-14,Mine A,South Pit,1241.5,1124.2,35.29,21.1,3
2026-08-14,Mine B,East Ridge,1110.6,1024.3,33.43,21.7,3
2026-08-14,Mine B,Deep West,961.5,939.4,35.08,21.3,3
2026-08-15,Mine A,North Block,1421.5,1433.2,34.81,21.5,3
2026-08-15,Mine A,South Pit,1157.0,1152.5,34.2,20.6,3
2026-08-15,Mine B,East Ridge,1094.7,1057.8,33.31,20.3,3
2026-08-15,Mine B,Deep West,950.5,851.7,31.69,21.2,3
2026-08-16,Mine A,North Block,1395.3,1189.3,32.8,20.1,3
2026-08-16,Mine A,South Pit,1153.7,1117.3,32.73,21.2,3
2026-08-16,Mine B,East Ridge,1075.9,1154.0,34.58,20.8,3
2026-08-16,Mine B,Deep West,938.6,879.7,33.48,20.4,3
2026-08-17,Mine A,North Block,1381.4,1212.5,34.62,21.0,3
2026-08-17,Mine A,South Pit,1285.4,1277.7,34.13,21.3,3
2026-08-17,Mine B,East Ridge,1126.6,1097.4,33.61,19.7,3
2026-08-17,Mine B,Deep West,947.8,900.9,34.11,19.8,3
2026-08-18,Mine A,North Block,1370.7,1309.1,32.41,21.5,3
2026-08-18,Mine A,South Pit,1161.4,1003.9,33.94,21.0,3
2026-08-18,Mine B,East Ridge,1065.4,1072.9,32.42,20.0,3
2026-08-18,Mine B,Deep West,942.1,858.8,34.11,20.8,3
2026-08-19,Mine A,North Block,1409.0,1375.2,31.75,21.9,3
2026-08-19,Mine A,South Pit,1215.4,1251.7,33.42,20.9,3
2026-08-19,Mine B,East Ridge,1104.4,1036.5,33.63,21.5,3
2026-08-19,Mine B,Deep West,969.0,916.5,33.94,20.0,3
2026-08-20,Mine A,North Block,1380.9,1446.5,32.13,21.5,3
2026-08-20,Mine A,South Pit,1175.7,1175.9,32.88,20.6,3
2026-08-20,Mine B,East Ridge,1076.4,1048.4,32.58,21.0,3
2026-08-20,Mine B,Deep West,1025.1,1011.0,32.69,21.7,3
2026-08-21,Mine A,North Block,1423.5,1357.3,33.55,21.0,3
2026-08-21,Mine A,South Pit,1194.9,1055.3,33.79,20.5,3
2026-08-21,Mine B,East Ridge,1096.9,1194.5,32.62,20.6,3
2026-08-21,Mine B,Deep West,1007.4,1016.3,34.71,22.0,3
2026-08-22,Mine A,North Block,1449.9,1510.0,33.08,19.7,3
2026-08-22,Mine A,South Pit,1192.9,1079.5,32.72,20.4,3
2026-08-22,Mine B,East Ridge,1101.2,1014.8,33.76,21.7,3
2026-08-22,Mine B,Deep West,895.5,880.4,35.83,20.3,3
2026-08-23,Mine A,North Block,1473.0,1325.0,35.34,20.7,3
2026-08-23,Mine A,South Pit,1214.7,1172.0,32.75,21.9,3
2026-08-23,Mine B,East Ridge,1118.9,1022.6,33.69,19.7,3
2026-08-23,Mine B,Deep West,900.5,935.8,33.16,20.4,3
2026-08-24,Mine A,North Block,1468.2,1454.2,32.3,22.0,3
2026-08-24,Mine A,South Pit,1188.9,1145.7,34.36,21.6,3
2026-08-24,Mine B,East Ridge,1181.2,1157.2,33.71,19.8,3
2026-08-24,Mine B,Deep West,939.2,925.3,34.14,21.3,3
2026-08-25,Mine A,North Block,1402.5,1253.0,31.48,20.5,3
2026-08-25,Mine A,South Pit,1217.8,1300.4,32.26,20.8,3
2026-08-25,Mine B,East Ridge,1099.8,1101.9,33.59,20.5,3
2026-08-25,Mine B,Deep West,946.5,935.5,,20.3,3
2026-08-26,Mine A,North Block,1423.9,1313.1,34.09,20.4,3
2026-08-26,Mine A,South Pit,1168.6,1124.8,33.69,21.6,3
2026-08-26,Mine B,East Ridge,1099.1,1100.1,35.03,19.9,3
2026-08-26,Mine B,Deep West,969.5,808.3,33.57,19.9,3
2026-08-27,Mine A,North Block,1408.7,1339.2,33.56,21.9,3
2026-08-27,Mine A,South Pit,1218.5,1059.9,32.79,20.8,3
2026-08-27,Mine B,East Ridge,1067.1,1016.7,32.17,21.0,3
2026-08-27,Mine B,Deep West,971.0,885.2,33.96,19.7,3
2026-08-28,Mine A,North Block,1422.5,1471.6,33.66,22.0,3
2026-08-28,Mine A,South Pit,1188.2,1107.2,33.05,19.8,3
2026-08-28,Mine B,East Ridge,1078.5,1019.0,33.07,20.8,3
2026-08-28,Mine B,Deep West,956.0,844.4,34.5,21.1,3
2026-08-29,Mine A,North Block,1340.6,1349.6,32.0,20.4,3
2026-08-29,Mine A,South Pit,1192.1,1216.4,33.15,21.3,3
2026-08-29,Mine B,East Ridge,1079.8,896.7,32.9,20.8,3
2026-08-29,Mine B,Deep West,963.7,877.3,33.47,20.9,3
2026-08-30,Mine A,North Block,1471.9,1401.4,33.47,19.9,3
2026-08-30,Mine A,South Pit,1167.3,1188.8,32.55,20.7,3
2026-08-30,Mine B,East Ridge,1052.0,925.0,35.12,21.7,3
2026-08-30,Mine B,Deep West,942.7,958.8,32.27,20.6,3
2026-08-31,Mine A,North Block,1453.7,1360.1,35.87,21.1,3
2026-08-31,Mine A,South Pit,1178.8,1147.9,34.38,21.0,3
2026-08-31,Mine B,East Ridge,1101.1,1015.6,34.01,20.8,3
2026-08-31,Mine B,Deep West,926.3,878.6,33.6,19.7,3
2026-09-01,Mine A,North Block,1417.2,1373.6,32.02,20.4,3
2026-09-01,Mine A,South Pit,1166.0,1159.0,34.77,20.0,3
2026-09-01,Mine B,East Ridge,1141.5,1136.9,34.6,21.1,3
2026-09-01,Mine B,Deep West,923.5,828.7,32.95,19.8,3
2026-09-02,Mine A,North Block,1476.5,1458.5,34.0,19.6,3
2026-09-02,Mine A,South Pit,1275.8,1317.6,35.48,21.4,3
2026-09-02,Mine B,East Ridge,1118.8,1134.0,33.1,21.8,3
2026-09-02,Mine B,Deep West,920.6,856.4,,20.6,3
2026-09-03,Mine A,North Block,1502.0,1359.1,33.26,21.7,3
2026-09-03,Mine A,South Pit,1190.3,1062.9,34.5,21.5,3
2026-09-03,Mine B,East Ridge,1094.2,1065.9,33.23,21.6,3
2026-09-03,Mine B,Deep West,1006.3,1010.8,34.31,21.1,3
2026-09-04,Mine A,North Block,1436.3,1285.7,33.94,21.5,3
2026-09-04,Mine A,South Pit,1177.2,1131.9,31.86,21.6,3
2026-09-04,Mine B,East Ridge,1110.8,1160.9,33.76,20.2,3
2026-09-04,Mine B,Deep West,1041.1,1093.7,34.19,21.7,3
2026-09-05,Mine A,North Block,1475.1,1465.7,33.35,19.5,3
2026-09-05,Mine A,South Pit,1157.1,1158.7,32.48,22.0,3
2026-09-05,Mine B,East Ridge,1092.7,1002.5,32.86,20.9,3
2026-09-05,Mine B,Deep West,970.6,966.7,35.09,20.0,3
2026-09-06,Mine A,North Block,1471.9,1368.1,33.35,21.4,3
2026-09-06,Mine A,South Pit,1200.5,1065.5,32.28,19.9,3
2026-09-06,Mine B,East Ridge,1125.3,1059.3,35.4,21.7,3
2026-09-06,Mine B,Deep West,936.0,819.1,35.1,20.5,3
2026-09-07,Mine A,North Block,1376.6,1408.4,32.89,21.1,3
2026-09-07,Mine A,South Pit,1289.5,1246.1,32.74,20.9,3
2026-09-07,Mine B,East Ridge,1172.2,1196.1,34.63,20.2,3
2026-09-07,Mine B,Deep West,970.7,931.5,34.94,19.7,3
2026-09-08,Mine A,North Block,1424.0,1334.8,34.27,21.5,3
2026-09-08,Mine A,South Pit,1233.4,1013.0,34.38,19.9,3
2026-09-08,Mine B,East Ridge,1074.9,931.6,33.41,21.0,3
2026-09-08,Mine B,Deep West,945.7,916.8,34.13,20.6,3
2026-09-09,Mine A,North Block,1472.7,1456.7,33.25,21.6,3
2026-09-09,Mine A,South Pit,1166.4,1189.6,31.37,21.0,3
2026-09-09,Mine B,East Ridge,1082.9,979.0,33.65,20.2,3
2026-09-09,Mine B,Deep West,888.1,898.4,33.29,21.6,3
2026-09-10,Mine A,North Block,1448.0,1351.5,32.21,19.8,3
2026-09-10,Mine A,South Pit,1099.5,1066.8,33.08,20.7,3
2026-09-10,Mine B,East Ridge,1158.1,1085.3,32.84,21.0,3
2026-09-10,Mine B,Deep West,966.4,946.8,32.87,21.1,3
2026-09-11,Mine A,North Block,1426.5,1354.9,32.53,21.8,3
2026-09-11,Mine A,South Pit,1171.1,1075.1,32.48,21.4,3
2026-09-11,Mine B,East Ridge,1152.2,1090.5,33.48,19.6,3
2026-09-11,Mine B,Deep West,923.8,891.5,32.26,20.5,3
2026-09-12,Mine A,North Block,1455.8,1377.1,33.57,21.8,3
2026-09-12,Mine A,South Pit,1218.1,1162.7,32.84,20.2,3
2026-09-12,Mine B,East Ridge,1127.8,1012.0,33.82,20.7,3
2026-09-12,Mine B,Deep West,902.5,870.0,33.88,20.4,3
2026-09-13,Mine A,North Block,1404.3,1291.2,33.72,20.8,3
2026-09-13,Mine A,South Pit,1240.2,1172.3,33.67,21.3,3
2026-09-13,Mine B,East Ridge,1071.0,1032.8,32.32,19.9,3
2026-09-13,Mine B,Deep West,847.8,794.9,35.71,20.5,3
2026-09-14,Mine A,North Block,1451.7,1543.0,33.52,21.5,3
2026-09-14,Mine A,South Pit,1174.5,1089.5,33.44,21.5,3
2026-09-14,Mine B,East Ridge,1077.4,991.3,,21.4,3
2026-09-14,Mine B,Deep West,916.6,813.7,33.6,21.7,3
2026-09-15,Mine A,North Block,1419.8,1252.0,34.47,20.8,3
2026-09-15,Mine A,South Pit,1197.3,1091.1,33.49,21.1,3
2026-09-15,Mine B,East Ridge,1085.1,1104.0,33.62,20.2,3
2026-09-15,Mine B,Deep West,899.7,880.0,35.01,21.1,3
2026-09-16,Mine A,North Block,1414.3,1448.3,33.57,19.9,3
2026-09-16,Mine A,South Pit,1229.8,1241.0,34.22,20.3,3
2026-09-16,Mine B,East Ridge,1088.3,1022.8,32.45,20.6,3
2026-09-16,Mine B,Deep West,964.8,890.7,33.72,21.7,3
2026-09-17,Mine A,North Block,1430.8,1474.6,33.41,22.0,3
2026-09-17,Mine A,South Pit,1215.8,1237.0,35.08,19.9,3
2026-09-17,Mine B,East Ridge,1093.4,1103.6,34.81,21.3,3
2026-09-17,Mine B,Deep West,1040.6,957.1,34.16,21.6,3
2026-09-18,Mine A,North Block,1435.9,1473.1,32.39,20.7,3
2026-09-18,Mine A,South Pit,1239.9,1180.1,34.94,20.4,3
2026-09-18,Mine B,East Ridge,1145.4,1098.3,32.4,21.3,3
2026-09-18,Mine B,Deep West,932.3,868.7,33.05,20.4,3
2026-09-19,Mine A,North Block,1486.5,1403.1,34.84,20.4,3
2026-09-19,Mine A,South Pit,1253.2,1196.6,34.85,21.9,3
2026-09-19,Mine B,East Ridge,1068.4,1043.0,32.2,21.2,3
2026-09-19,Mine B,Deep West,991.6,932.0,34.08,21.6,3
2026-09-20,Mine A,North Block,1460.5,1303.8,33.64,20.3,3
2026-09-20,Mine A,South Pit,1267.9,1282.4,32.05,21.8,3
2026-09-20,Mine B,East Ridge,1112.3,1095.0,34.2,20.2,3
2026-09-20,Mine B,Deep West,988.8,962.7,34.22,20.9,3
2026-09-21,Mine A,North Block,1425.4,1298.9,34.72,20.9,3
2026-09-21,Mine A,South Pit,1195.8,1163.1,33.43,19.8,3
2026-09-21,Mine B,East Ridge,1081.3,1033.2,33.87,20.2,3
2026-09-21,Mine B,Deep West,956.7,897.6,34.33,21.8,3
2026-09-22,Mine A,North Block,1455.9,1078.4,32.69,16.4,3
2026-09-22,Mine A,South Pit,1167.3,1184.0,32.91,21.7,3
2026-09-22,Mine B,East Ridge,1128.3,1102.3,32.79,20.9,3
2026-09-22,Mine B,Deep West,942.2,888.1,33.48,20.3,3
2026-09-23,Mine A,North Block,1419.4,1084.3,31.36,15.9,3
2026-09-23,Mine A,South Pit,1162.6,1141.0,34.49,21.0,3
2026-09-23,Mine B,East Ridge,1096.3,1043.2,33.58,19.7,3
2026-09-23,Mine B,Deep West,990.7,968.3,34.78,19.8,3
2026-09-24,Mine A,North Block,1464.1,1134.9,32.6,15.4,3
2026-09-24,Mine A,South Pit,1105.4,1098.7,32.78,21.4,3
2026-09-24,Mine B,East Ridge,1035.9,1040.3,33.75,20.6,3
2026-09-24,Mine B,Deep West,1006.4,1032.3,35.3,20.1,3
2026-09-25,Mine A,North Block,1456.0,1107.3,32.0,15.2,3
2026-09-25,Mine A,South Pit,1170.5,1148.5,33.66,21.0,3
2026-09-25,Mine B,East Ridge,1101.5,1150.8,32.82,20.1,3
2026-09-25,Mine B,Deep West,956.8,897.5,31.07,19.6,3
2026-09-26,Mine A,North Block,1415.0,1102.1,31.65,14.8,3
2026-09-26,Mine A,South Pit,1150.8,1100.0,31.84,20.0,3
2026-09-26,Mine B,East Ridge,1126.6,1070.0,33.51,19.5,3
2026-09-26,Mine B,Deep West,939.2,866.3,33.85,20.8,3
2026-09-27,Mine A,North Block,1476.9,1110.2,32.07,14.2,3
2026-09-27,Mine A,South Pit,1223.5,1120.3,33.8,20.4,3
2026-09-27,Mine B,East Ridge,1137.7,1093.4,35.59,22.0,3
2026-09-27,Mine B,Deep West,947.9,891.1,32.78,20.5,3
2026-09-28,Mine A,North Block,1366.9,1061.1,30.93,15.8,3
2026-09-28,Mine A,South Pit,1144.7,1150.1,32.97,20.1,3
2026-09-28,Mine B,East Ridge,1105.1,1068.9,,21.2,3
2026-09-28,Mine B,Deep West,940.6,861.1,,19.8,3
