date,mine_id,section,ndvi,bare_soil_index,moisture_index,rainfall_mm,soil_moisture,land_temperature_c,cloud_probability
2026-06-01,Mine A,North Block,0.139,0.488,0.11,0.1,0.155,36.1,0.2
2026-06-01,Mine A,South Pit,0.194,0.462,0.248,1.5,0.171,35.9,0.11
2026-06-01,Mine B,East Ridge,,0.451,0.187,2.1,0.191,32.5,0.12
2026-06-01,Mine B,Deep West,0.164,0.512,0.169,1.9,0.206,29.7,0.1
2026-06-02,Mine A,North Block,0.134,0.514,0.124,1.1,0.2,31.5,0.14
2026-06-02,Mine A,South Pit,0.196,0.384,0.114,0.9,0.215,29.9,0.1
2026-06-02,Mine B,East Ridge,0.185,0.359,0.241,1.3,0.198,35.3,0.24
2026-06-02,Mine B,Deep West,0.136,0.494,0.231,3.7,0.212,32.3,0.22
2026-06-03,Mine A,North Block,0.131,0.361,0.28,7.9,0.211,34.7,0.13
2026-06-03,Mine A,South Pit,0.203,0.444,0.262,0.1,0.169,31.1,0.23
2026-06-03,Mine B,East Ridge,0.177,0.382,0.245,5.2,0.222,31.9,0.23
2026-06-03,Mine B,Deep West,,0.445,0.191,6.8,0.19,32.2,0.14
2026-06-04,Mine A,North Block,0.111,0.479,0.228,0.3,0.143,33.0,0.18
2026-06-04,Mine A,South Pit,0.215,0.391,0.158,0.9,0.171,34.4,0.11
2026-06-04,Mine B,East Ridge,0.172,0.416,0.176,0.4,0.159,33.9,0.15
2026-06-04,Mine B,Deep West,0.207,0.363,0.227,1.7,0.194,28.7,0.1
2026-06-05,Mine A,North Block,0.214,0.476,0.116,5.1,0.19,35.5,0.19
2026-06-05,Mine A,South Pit,0.115,0.382,0.242,2.2,0.163,32.0,0.16
2026-06-05,Mine B,East Ridge,0.14,0.37,0.145,1.2,0.168,34.4,0.23
2026-06-05,Mine B,Deep West,0.176,0.412,0.245,5.1,0.175,32.5,0.19
2026-06-06,Mine A,North Block,0.194,0.392,0.107,1.5,0.202,35.4,0.15
2026-06-06,Mine A,South Pit,0.151,0.435,0.231,0.2,0.182,29.7,0.21
2026-06-06,Mine B,East Ridge,0.129,0.487,0.225,0.2,0.173,35.0,0.18
2026-06-06,Mine B,Deep West,0.125,0.463,0.194,1.6,0.137,31.5,0.2
2026-06-07,Mine A,North Block,0.159,0.479,0.243,2.0,0.204,28.7,0.19
2026-06-07,Mine A,South Pit,0.155,0.503,0.261,1.4,0.182,30.3,0.23
2026-06-07,Mine B,East Ridge,0.156,0.393,0.158,2.3,0.183,30.0,0.13
2026-06-07,Mine B,Deep West,0.159,0.409,0.234,0.3,0.198,32.9,0.14
2026-06-08,Mine A,North Block,0.124,0.409,0.245,4.5,0.187,29.3,0.21
2026-06-08,Mine A,South Pit,0.204,0.458,0.146,0.6,0.206,29.1,0.11
2026-06-08,Mine B,East Ridge,0.144,0.468,0.103,1.6,0.23,35.3,0.13
2026-06-08,Mine B,Deep West,0.118,0.484,0.139,0.9,0.192,32.6,0.15
2026-06-09,Mine A,North Block,0.149,0.488,0.153,2.3,0.197,33.6,0.21
2026-06-09,Mine A,South Pit,0.143,0.428,0.247,1.7,0.216,31.2,0.21
2026-06-09,Mine B,East Ridge,0.136,0.471,0.248,5.3,0.247,28.8,0.24
2026-06-09,Mine B,Deep West,0.158,0.389,0.152,3.9,0.211,28.8,0.16
2026-06-10,Mine A,North Block,0.12,0.513,0.245,3.0,0.233,30.9,0.11
2026-06-10,Mine A,South Pit,0.148,0.377,0.201,1.2,0.157,35.9,0.13
2026-06-10,Mine B,East Ridge,0.219,0.465,0.113,5.8,0.213,32.1,0.23
2026-06-10,Mine B,Deep West,0.171,0.402,0.116,9.9,0.21,30.4,0.16
2026-06-11,Mine A,North Block,0.142,0.398,0.129,0.0,0.205,36.5,0.19
2026-06-11,Mine A,South Pit,0.21,0.516,0.142,0.4,0.178,34.7,0.14
2026-06-11,Mine B,East Ridge,0.128,0.423,0.152,4.3,0.187,33.4,0.23
2026-06-11,Mine B,Deep West,0.116,0.41,0.187,2.7,0.187,36.4,0.17
2026-06-12,Mine A,North Block,0.199,0.495,0.199,1.4,0.21,36.0,0.23
2026-06-12,Mine A,South Pit,0.145,0.429,0.151,3.5,0.179,31.4,0.15
2026-06-12,Mine B,East Ridge,0.122,0.387,0.184,6.5,0.2,28.5,0.18
2026-06-12,Mine B,Deep West,0.157,0.407,0.157,1.1,0.18,34.3,0.22
2026-06-13,Mine A,North Block,0.213,0.496,0.228,3.0,0.193,30.0,0.12
2026-06-13,Mine A,South Pit,0.216,0.387,0.246,1.3,0.215,36.3,0.18
2026-06-13,Mine B,East Ridge,0.12,0.437,0.265,0.4,0.195,35.9,0.16
2026-06-13,Mine B,Deep West,0.178,0.377,0.274,4.7,0.182,31.1,0.12
2026-06-14,Mine A,North Block,0.118,0.389,0.268,4.9,0.197,33.1,0.17
2026-06-14,Mine A,South Pit,0.146,0.457,0.15,4.8,0.178,28.2,0.22
2026-06-14,Mine B,East Ridge,0.119,0.441,0.155,4.8,0.191,36.1,0.24
2026-06-14,Mine B,Deep West,0.215,0.436,0.115,1.0,0.189,32.9,0.13
2026-06-15,Mine A,North Block,0.131,0.481,0.148,1.9,0.208,29.6,0.17
2026-06-15,Mine A,South Pit,0.161,0.51,0.268,2.9,0.186,30.7,0.13
2026-06-15,Mine B,East Ridge,0.209,0.508,0.169,0.5,0.163,31.9,0.18
2026-06-15,Mine B,Deep West,0.11,0.404,0.176,1.4,0.179,34.9,0.23
2026-06-16,Mine A,North Block,0.198,0.495,0.187,0.5,0.156,30.0,0.11
2026-06-16,Mine A,South Pit,0.134,0.4,0.131,1.1,0.201,29.7,0.25
2026-06-16,Mine B,East Ridge,0.115,0.386,0.202,1.0,0.189,35.9,0.16
2026-06-16,Mine B,Deep West,0.181,0.469,0.215,1.9,0.205,31.4,0.11
2026-06-17,Mine A,North Block,0.162,0.404,0.238,0.8,0.181,36.1,0.12
2026-06-17,Mine A,South Pit,0.205,0.464,0.108,1.4,0.17,34.9,0.15
2026-06-17,Mine B,East Ridge,0.112,0.478,0.185,1.7,0.178,35.5,0.13
2026-06-17,Mine B,Deep West,0.15,0.442,0.222,1.2,0.194,35.0,0.1
2026-06-18,Mine A,North Block,0.181,0.401,0.123,2.4,0.193,36.1,0.16
2026-06-18,Mine A,South Pit,0.162,0.384,0.208,3.7,0.21,33.6,0.15
2026-06-18,Mine B,East Ridge,0.201,0.481,0.107,0.1,0.205,34.4,0.17
2026-06-18,Mine B,Deep West,0.202,0.493,0.155,0.4,0.137,35.9,0.18
2026-06-19,Mine A,North Block,0.136,0.391,0.115,1.1,0.161,36.0,0.1
2026-06-19,Mine A,South Pit,0.21,0.409,0.212,5.3,0.204,33.7,0.19
2026-06-19,Mine B,East Ridge,0.151,0.441,0.1,0.1,0.189,31.0,0.22
2026-06-19,Mine B,Deep West,0.199,0.398,0.134,0.6,0.175,30.1,0.13
2026-06-20,Mine A,North Block,0.192,0.444,0.247,1.4,0.179,31.0,0.11
2026-06-20,Mine A,South Pit,0.164,0.357,0.277,6.4,0.223,33.1,0.22
2026-06-20,Mine B,East Ridge,0.175,0.426,0.251,1.0,0.194,33.0,0.14
2026-06-20,Mine B,Deep West,0.183,0.483,0.171,0.6,0.165,32.6,0.17
2026-06-21,Mine A,North Block,0.164,0.499,0.195,2.1,0.22,29.7,0.1
2026-06-21,Mine A,South Pit,0.123,0.486,0.144,5.3,0.192,32.2,0.17
2026-06-21,Mine B,East Ridge,0.176,0.356,0.19,4.6,0.243,29.1,0.22
2026-06-21,Mine B,Deep West,0.158,0.456,0.113,0.3,0.186,31.1,0.13
2026-06-22,Mine A,North Block,,0.407,0.238,1.4,0.193,32.7,0.2
2026-06-22,Mine A,South Pit,,0.461,0.211,1.1,0.16,33.5,0.17
2026-06-22,Mine B,East Ridge,0.175,0.492,0.108,0.7,0.188,31.0,0.12
2026-06-22,Mine B,Deep West,0.132,0.513,0.21,0.5,0.193,28.1,0.23
2026-06-23,Mine A,North Block,0.211,0.419,0.134,0.6,0.193,34.1,0.16
2026-06-23,Mine A,South Pit,0.117,0.468,0.203,1.5,0.181,34.8,0.24
2026-06-23,Mine B,East Ridge,,0.362,0.15,4.8,0.206,31.5,0.23
2026-06-23,Mine B,Deep West,0.161,0.464,0.129,0.8,0.163,30.4,0.24
2026-06-24,Mine A,North Block,,0.511,0.124,1.3,0.199,33.7,0.19
2026-06-24,Mine A,South Pit,0.189,0.478,0.139,3.0,0.203,35.9,0.14
2026-06-24,Mine B,East Ridge,0.208,0.396,0.248,1.2,0.213,36.2,0.12
2026-06-24,Mine B,Deep West,0.174,0.474,0.174,1.5,0.199,30.7,0.17
2026-06-25,Mine A,North Block,0.16,0.395,0.144,2.0,0.211,35.3,0.11
2026-06-25,Mine A,South Pit,0.192,0.366,0.186,1.3,0.207,31.2,0.23
2026-06-25,Mine B,East Ridge,0.155,0.483,0.239,9.6,0.214,30.0,0.18
2026-06-25,Mine B,Deep West,,0.435,0.209,0.5,0.196,33.0,0.24
2026-06-26,Mine A,North Block,0.17,0.372,0.238,1.6,0.214,34.9,0.13
2026-06-26,Mine A,South Pit,0.125,0.438,0.12,5.4,0.136,31.1,0.24
2026-06-26,Mine B,East Ridge,0.197,0.428,0.131,5.4,0.195,31.3,0.16
2026-06-26,Mine B,Deep West,0.177,0.446,0.229,0.6,0.168,29.3,0.18
2026-06-27,Mine A,North Block,0.217,0.496,0.12,5.6,0.197,35.6,0.15
2026-06-27,Mine A,South Pit,0.159,0.358,0.198,5.9,0.202,28.1,0.16
2026-06-27,Mine B,East Ridge,0.158,0.489,0.263,0.8,0.231,33.6,0.23
2026-06-27,Mine B,Deep West,0.115,0.464,0.255,0.3,0.17,30.4,0.18
2026-06-28,Mine A,North Block,0.209,0.405,0.199,0.4,0.189,30.3,0.24
2026-06-28,Mine A,South Pit,0.159,0.394,0.134,0.1,0.187,34.1,0.11
2026-06-28,Mine B,East Ridge,0.216,0.459,0.104,2.2,0.185,30.7,0.15
2026-06-28,Mine B,Deep West,0.12,0.479,0.209,1.1,0.137,30.6,0.23
2026-06-29,Mine A,North Block,0.141,0.511,0.252,1.7,0.164,32.6,0.18
2026-06-29,Mine A,South Pit,0.164,0.377,0.276,2.6,0.203,28.9,0.11
2026-06-29,Mine B,East Ridge,0.157,0.397,0.26,0.3,0.136,29.1,0.2
2026-06-29,Mine B,Deep West,0.143,0.484,0.106,0.1,0.176,35.1,0.24
2026-06-30,Mine A,North Block,,0.357,0.218,6.8,0.176,28.6,0.15
2026-06-30,Mine A,South Pit,0.169,0.432,0.227,1.2,0.191,30.1,0.24
2026-06-30,Mine B,East Ridge,0.173,0.387,0.255,0.1,0.169,29.6,0.21
2026-06-30,Mine B,Deep West,0.136,0.358,0.148,5.7,0.196,31.0,0.18
2026-07-01,Mine A,North Block,0.164,0.437,0.148,8.5,0.236,33.9,0.26
2026-07-01,Mine A,South Pit,0.213,0.406,0.108,4.9,0.206,34.0,0.29
2026-07-01,Mine B,East Ridge,0.214,0.384,0.258,5.5,0.182,36.4,0.4
2026-07-01,Mine B,Deep West,0.203,0.432,0.167,9.8,0.232,32.6,0.28
2026-07-02,Mine A,North Block,0.18,0.367,0.209,5.4,0.181,33.7,0.46
2026-07-02,Mine A,South Pit,0.154,0.45,0.116,1.0,0.192,32.5,0.13
2026-07-02,Mine B,East Ridge,0.217,0.399,0.176,4.5,0.239,28.8,0.23
2026-07-02,Mine B,Deep West,0.169,0.397,0.111,8.4,0.234,34.9,0.11
2026-07-03,Mine A,North Block,0.186,0.447,0.173,1.4,0.193,28.6,0.2
2026-07-03,Mine A,South Pit,0.217,0.38,0.207,3.6,0.211,33.7,0.19
2026-07-03,Mine B,East Ridge,0.17,0.402,0.133,4.4,0.17,32.1,0.43
2026-07-03,Mine B,Deep West,0.186,0.416,0.175,0.7,0.176,29.7,0.39
2026-07-04,Mine A,North Block,0.183,0.399,0.183,5.1,0.19,33.6,0.22
2026-07-04,Mine A,South Pit,0.209,0.386,0.141,1.7,0.183,28.2,0.18
2026-07-04,Mine B,East Ridge,0.181,0.408,0.227,2.6,0.2,29.1,0.13
2026-07-04,Mine B,Deep West,0.123,0.441,0.179,6.5,0.195,33.5,0.2
2026-07-05,Mine A,North Block,0.155,0.388,0.146,2.5,0.212,33.2,0.5
2026-07-05,Mine A,South Pit,0.151,0.413,0.169,5.2,0.211,35.8,0.25
2026-07-05,Mine B,East Ridge,0.114,0.498,0.192,14.5,0.276,35.0,0.23
2026-07-05,Mine B,Deep West,0.111,0.498,0.18,4.1,0.232,33.7,0.3
2026-07-06,Mine A,North Block,0.185,0.422,0.273,3.4,0.193,31.4,0.3
2026-07-06,Mine A,South Pit,0.154,0.407,0.203,7.3,0.195,28.9,0.42
2026-07-06,Mine B,East Ridge,0.202,0.371,0.123,15.8,0.251,32.6,0.37
2026-07-06,Mine B,Deep West,0.146,0.453,0.267,6.5,0.222,31.5,0.48
2026-07-07,Mine A,North Block,0.136,0.484,0.11,14.5,0.258,30.4,0.43
2026-07-07,Mine A,South Pit,0.19,0.41,0.21,3.7,0.181,32.8,0.3
2026-07-07,Mine B,East Ridge,0.123,0.388,0.19,7.0,0.257,28.7,0.2
2026-07-07,Mine B,Deep West,0.149,0.419,0.171,14.7,0.268,34.7,0.38
2026-07-08,Mine A,North Block,0.115,0.483,0.145,1.7,0.191,29.4,0.5
2026-07-08,Mine A,South Pit,0.155,0.463,0.184,14.2,0.238,36.0,0.38
2026-07-08,Mine B,East Ridge,0.199,0.475,0.219,8.0,0.193,32.5,0.3
2026-07-08,Mine B,Deep West,0.208,0.506,0.11,1.0,0.181,32.3,0.39
2026-07-09,Mine A,North Block,0.192,0.351,0.13,13.7,0.246,29.3,0.32
2026-07-09,Mine A,South Pit,0.188,0.464,0.171,7.0,0.207,35.8,0.39
2026-07-09,Mine B,East Ridge,0.19,0.439,0.113,0.0,0.182,31.5,0.37
2026-07-09,Mine B,Deep West,0.208,0.37,0.278,1.7,0.168,34.2,0.44
2026-07-10,Mine A,North Block,0.209,0.404,0.221,1.9,0.208,32.9,0.17
2026-07-10,Mine A,South Pit,0.133,0.403,0.132,1.7,0.164,30.9,0.35
2026-07-10,Mine B,East Ridge,0.192,0.515,0.179,18.6,0.244,30.7,0.28
2026-07-10,Mine B,Deep West,0.186,0.437,0.217,15.8,0.247,29.3,0.33
2026-07-11,Mine A,North Block,0.176,0.405,0.277,17.6,0.286,32.2,0.4
2026-07-11,Mine A,South Pit,0.179,0.36,0.104,8.8,0.221,30.8,0.12
2026-07-11,Mine B,East Ridge,0.186,0.437,0.136,4.8,0.19,29.4,0.21
2026-07-11,Mine B,Deep West,0.126,0.362,0.246,3.1,0.157,28.6,0.34
2026-07-12,Mine A,North Block,0.181,0.357,0.212,11.2,0.253,32.1,0.37
2026-07-12,Mine A,South Pit,0.141,0.459,0.225,12.0,0.259,31.0,0.3
2026-07-12,Mine B,East Ridge,0.168,0.438,0.204,16.4,0.286,35.5,0.32
2026-07-12,Mine B,Deep West,0.116,0.509,0.195,11.1,0.222,28.6,0.49
2026-07-13,Mine A,North Block,0.144,0.402,0.251,7.6,0.2,34.4,0.41
2026-07-13,Mine A,South Pit,0.175,0.509,0.222,0.6,0.182,30.2,0.45
2026-07-13,Mine B,East Ridge,0.193,0.46,0.164,4.3,0.18,36.5,0.21
2026-07-13,Mine B,Deep West,0.194,0.441,0.251,0.4,0.208,32.7,0.11
2026-07-14,Mine A,North Block,0.215,0.388,0.266,0.3,0.156,28.6,0.28
2026-07-14,Mine A,South Pit,0.212,0.351,0.235,4.4,0.189,32.7,0.49
2026-07-14,Mine B,East Ridge,0.126,0.35,0.246,18.7,0.288,32.5,0.32
2026-07-14,Mine B,Deep West,0.133,0.463,0.114,0.7,0.181,35.8,0.35
2026-07-15,Mine A,North Block,0.176,0.379,0.233,7.4,0.227,31.9,0.22
2026-07-15,Mine A,South Pit,0.186,0.372,0.177,2.9,0.18,29.3,0.36
2026-07-15,Mine B,East Ridge,0.132,0.454,0.116,2.3,0.175,35.6,0.45
2026-07-15,Mine B,Deep West,0.179,0.398,0.168,4.0,0.218,33.6,0.39
2026-07-16,Mine A,North Block,0.146,0.407,0.105,0.9,0.185,30.1,0.38
2026-07-16,Mine A,South Pit,0.167,0.427,0.106,3.3,0.233,35.6,0.42
2026-07-16,Mine B,East Ridge,0.174,0.443,0.139,16.9,0.222,28.2,0.47
2026-07-16,Mine B,Deep West,0.11,0.509,0.13,4.5,0.2,34.2,0.36
2026-07-17,Mine A,North Block,0.204,0.394,0.104,2.1,0.176,34.1,0.14
2026-07-17,Mine A,South Pit,0.157,0.389,0.193,2.0,0.183,28.9,0.12
2026-07-17,Mine B,East Ridge,0.19,0.427,0.254,2.3,0.153,31.5,0.25
2026-07-17,Mine B,Deep West,0.12,0.384,0.174,23.1,0.313,32.8,0.23
2026-07-18,Mine A,North Block,0.206,0.447,0.179,1.8,0.234,31.3,0.38
2026-07-18,Mine A,South Pit,,0.491,0.189,0.6,0.164,35.0,0.29
2026-07-18,Mine B,East Ridge,0.156,0.42,0.142,1.0,0.205,32.2,0.22
2026-07-18,Mine B,Deep West,0.132,0.352,0.213,1.2,0.199,28.5,0.18
2026-07-19,Mine A,North Block,0.114,0.51,0.261,3.0,0.17,35.1,0.1
2026-07-19,Mine A,South Pit,0.153,0.46,0.108,6.1,0.183,33.6,0.32
2026-07-19,Mine B,East Ridge,0.2,0.386,0.171,0.4,0.225,28.9,0.46
2026-07-19,Mine B,Deep West,0.165,0.486,0.179,3.0,0.158,29.3,0.26
2026-07-20,Mine A,North Block,0.207,0.448,0.14,5.4,0.216,30.2,0.3
2026-07-20,Mine A,South Pit,0.219,0.372,0.243,2.5,0.208,28.4,0.42
2026-07-20,Mine B,East Ridge,0.115,0.35,0.144,4.0,0.221,32.6,0.27
2026-07-20,Mine B,Deep West,0.155,0.46,0.228,9.1,0.225,29.0,0.15
2026-07-21,Mine A,North Block,0.129,0.49,0.238,1.6,0.201,34.6,0.45
2026-07-21,Mine A,South Pit,0.123,0.437,0.205,7.3,0.208,30.2,0.23
2026-07-21,Mine B,East Ridge,0.128,0.415,0.125,3.6,0.153,35.7,0.36
2026-07-21,Mine B,Deep West,0.141,0.512,0.111,7.8,0.211,35.9,0.39
2026-07-22,Mine A,North Block,,0.499,0.157,7.4,0.258,29.3,0.43
2026-07-22,Mine A,South Pit,0.113,0.397,0.106,1.1,0.193,33.1,0.29
2026-07-22,Mine B,East Ridge,0.127,0.507,0.236,4.4,0.181,32.4,0.46
2026-07-22,Mine B,Deep West,0.133,0.467,0.14,10.5,0.241,29.7,0.38
2026-07-23,Mine A,North Block,0.202,0.461,0.141,4.6,0.216,34.7,0.28
2026-07-23,Mine A,South Pit,0.14,0.386,0.182,2.6,0.206,29.0,0.23
2026-07-23,Mine B,East Ridge,0.211,0.447,0.165,19.1,0.282,28.8,0.37
2026-07-23,Mine B,Deep West,0.114,0.493,0.181,11.3,0.225,33.9,0.2
2026-07-24,Mine A,North Block,0.178,0.428,0.261,8.1,0.234,32.0,0.41
2026-07-24,Mine A,South Pit,0.155,0.389,0.173,5.5,0.186,34.8,0.44
2026-07-24,Mine B,East Ridge,0.181,0.392,0.12,14.0,0.253,31.0,0.42
2026-07-24,Mine B,Deep West,0.204,0.409,0.275,12.7,0.213,30.3,0.14
2026-07-25,Mine A,North Block,0.113,0.498,0.125,31.2,0.327,34.0,0.14
2026-07-25,Mine A,South Pit,0.186,0.486,0.172,1.1,0.222,36.2,0.17
2026-07-25,Mine B,East Ridge,0.138,0.511,0.131,3.3,0.194,33.4,0.32
2026-07-25,Mine B,Deep West,0.147,0.426,0.203,27.0,0.283,32.1,0.11
2026-07-26,Mine A,North Block,0.137,0.454,0.205,4.6,0.234,35.1,0.37
2026-07-26,Mine A,South Pit,0.126,0.386,0.119,3.7,0.187,30.7,0.29
2026-07-26,Mine B,East Ridge,0.207,0.497,0.18,9.2,0.234,28.4,0.39
2026-07-26,Mine B,Deep West,0.21,0.364,0.134,7.1,0.218,32.5,0.49
2026-07-27,Mine A,North Block,0.115,0.486,0.209,4.6,0.228,31.3,0.5
2026-07-27,Mine A,South Pit,0.195,0.435,0.155,1.8,0.196,34.3,0.3
2026-07-27,Mine B,East Ridge,0.137,0.379,0.195,29.1,0.306,34.2,0.21
2026-07-27,Mine B,Deep West,0.182,0.398,0.1,2.7,0.228,29.0,0.35
2026-07-28,Mine A,North Block,0.151,0.466,0.111,1.1,0.2,36.3,0.34
2026-07-28,Mine A,South Pit,0.142,0.37,0.227,4.0,0.186,32.6,0.49
2026-07-28,Mine B,East Ridge,0.211,0.405,0.145,8.3,0.231,30.6,0.11
2026-07-28,Mine B,Deep West,0.214,0.485,0.133,6.1,0.208,28.9,0.43
2026-07-29,Mine A,North Block,0.124,0.422,0.187,10.0,0.202,36.2,0.41
2026-07-29,Mine A,South Pit,0.185,0.424,0.135,3.8,0.166,28.4,0.25
2026-07-29,Mine B,East Ridge,0.142,0.39,0.231,13.5,0.246,33.4,0.22
2026-07-29,Mine B,Deep West,0.127,0.362,0.279,0.3,0.21,28.1,0.14
2026-07-30,Mine A,North Block,0.15,0.498,0.171,2.7,0.185,32.4,0.47
2026-07-30,Mine A,South Pit,0.145,0.465,0.152,3.3,0.185,31.2,0.18
2026-07-30,Mine B,East Ridge,0.138,0.372,0.111,6.9,0.228,33.6,0.25
2026-07-30,Mine B,Deep West,0.194,0.353,0.2,2.9,0.192,29.5,0.16
2026-07-31,Mine A,North Block,0.191,0.498,0.135,3.8,0.256,30.5,0.23
2026-07-31,Mine A,South Pit,0.171,0.411,0.123,0.8,0.19,31.0,0.46
2026-07-31,Mine B,East Ridge,0.175,0.366,0.199,7.1,0.187,34.8,0.28
2026-07-31,Mine B,Deep West,0.127,0.471,0.222,9.7,0.231,33.3,0.42
2026-08-01,Mine A,North Block,0.175,0.505,0.244,0.2,0.146,29.8,0.37
2026-08-01,Mine A,South Pit,0.179,0.42,0.255,20.4,0.264,28.1,0.49
2026-08-01,Mine B,East Ridge,0.13,0.479,0.104,2.3,0.192,28.7,0.42
2026-08-01,Mine B,Deep West,0.15,0.454,0.225,13.6,0.252,33.6,0.11
2026-08-02,Mine A,North Block,0.156,0.418,0.105,3.4,0.209,32.3,0.4
2026-08-02,Mine A,South Pit,0.146,0.45,0.253,3.3,0.247,35.4,0.49
2026-08-02,Mine B,East Ridge,0.131,0.481,0.251,4.7,0.214,28.6,0.38
2026-08-02,Mine B,Deep West,0.201,0.484,0.147,7.7,0.219,28.2,0.36
2026-08-03,Mine A,North Block,0.166,0.431,0.149,9.9,0.219,31.6,0.24
2026-08-03,Mine A,South Pit,0.143,0.497,0.234,0.2,0.171,31.4,0.34
2026-08-03,Mine B,East Ridge,0.159,0.361,0.249,15.6,0.236,29.8,0.38
2026-08-03,Mine B,Deep West,0.161,0.477,0.212,1.1,0.185,35.3,0.46
2026-08-04,Mine A,North Block,0.164,0.429,0.241,13.0,0.273,36.0,0.28
2026-08-04,Mine A,South Pit,0.161,0.515,0.236,13.8,0.242,29.5,0.32
2026-08-04,Mine B,East Ridge,0.115,0.495,0.199,13.3,0.246,35.1,0.36
2026-08-04,Mine B,Deep West,0.168,0.359,0.129,1.8,0.179,30.4,0.23
2026-08-05,Mine A,North Block,0.194,0.426,0.242,13.4,0.24,32.4,0.28
2026-08-05,Mine A,South Pit,,0.417,0.234,7.7,0.208,29.3,0.15
2026-08-05,Mine B,East Ridge,0.157,0.438,0.131,7.0,0.192,32.9,0.19
2026-08-05,Mine B,Deep West,0.164,0.516,0.16,8.7,0.216,30.2,0.44
2026-08-06,Mine A,North Block,0.189,0.484,0.227,7.2,0.22,36.2,0.14
2026-08-06,Mine A,South Pit,0.215,0.435,0.268,7.1,0.2,35.3,0.28
2026-08-06,Mine B,East Ridge,0.137,0.437,0.168,7.0,0.17,28.0,0.18
2026-08-06,Mine B,Deep West,0.16,0.373,0.109,4.8,0.242,31.0,0.49
2026-08-07,Mine A,North Block,0.138,0.389,0.102,11.9,0.27,32.9,0.16
2026-08-07,Mine A,South Pit,0.218,0.402,0.123,1.1,0.194,29.0,0.22
2026-08-07,Mine B,East Ridge,0.137,0.427,0.104,1.8,0.176,36.2,0.44
2026-08-07,Mine B,Deep West,0.133,0.461,0.175,8.2,0.224,30.3,0.27
2026-08-08,Mine A,North Block,0.196,0.464,0.121,1.6,0.2,29.0,0.44
2026-08-08,Mine A,South Pit,0.126,0.459,0.169,9.5,0.264,36.0,0.28
2026-08-08,Mine B,East Ridge,0.198,0.519,0.145,25.1,0.31,30.3,0.46
2026-08-08,Mine B,Deep West,0.112,0.387,0.151,4.6,0.201,30.5,0.31
2026-08-09,Mine A,North Block,0.182,0.461,0.272,4.7,0.206,28.7,0.38
2026-08-09,Mine A,South Pit,,0.472,0.238,0.0,0.178,35.9,0.2
2026-08-09,Mine B,East Ridge,0.125,0.43,0.269,0.8,0.153,34.9,0.17
2026-08-09,Mine B,Deep West,0.171,0.379,0.157,1.6,0.19,36.5,0.49
2026-08-10,Mine A,North Block,0.191,0.35,0.207,4.4,0.18,29.3,0.49
2026-08-10,Mine A,South Pit,0.182,0.471,0.224,19.8,0.26,29.6,0.22
2026-08-10,Mine B,East Ridge,0.157,0.377,0.177,3.1,0.194,31.8,0.44
2026-08-10,Mine B,Deep West,0.196,0.466,0.214,6.2,0.227,31.8,0.11
2026-08-11,Mine A,North Block,0.146,0.373,0.26,19.2,0.277,32.6,0.41
2026-08-11,Mine A,South Pit,0.184,0.487,0.219,5.1,0.199,33.0,0.45
2026-08-11,Mine B,East Ridge,0.121,0.505,0.116,4.1,0.229,31.3,0.25
2026-08-11,Mine B,Deep West,0.185,0.361,0.207,8.4,0.223,31.4,0.27
2026-08-12,Mine A,North Block,0.207,0.432,0.198,11.8,0.231,33.6,0.46
2026-08-12,Mine A,South Pit,0.14,0.417,0.17,20.1,0.288,31.8,0.46
2026-08-12,Mine B,East Ridge,0.129,0.409,0.111,2.7,0.207,33.8,0.13
2026-08-12,Mine B,Deep West,0.134,0.429,0.185,2.5,0.184,35.5,0.41
2026-08-13,Mine A,North Block,0.111,0.418,0.263,16.5,0.264,35.2,0.37
2026-08-13,Mine A,South Pit,,0.438,0.218,10.8,0.266,32.5,0.32
2026-08-13,Mine B,East Ridge,0.155,0.467,0.145,4.3,0.216,31.8,0.16
2026-08-13,Mine B,Deep West,0.21,0.519,0.119,8.2,0.23,31.6,0.45
2026-08-14,Mine A,North Block,0.176,0.397,0.255,2.1,0.191,28.2,0.44
2026-08-14,Mine A,South Pit,0.134,0.356,0.174,2.7,0.167,33.7,0.37
2026-08-14,Mine B,East Ridge,0.176,0.491,0.177,2.7,0.204,33.2,0.28
2026-08-14,Mine B,Deep West,0.159,0.425,0.116,2.6,0.204,32.6,0.21
2026-08-15,Mine A,North Block,0.174,0.413,0.181,10.1,0.218,29.9,0.27
2026-08-15,Mine A,South Pit,0.207,0.424,0.174,6.2,0.199,29.3,0.18
2026-08-15,Mine B,East Ridge,0.13,0.393,0.246,0.3,0.241,34.0,0.32
2026-08-15,Mine B,Deep West,0.134,0.36,0.159,23.5,0.295,32.2,0.15
2026-08-16,Mine A,North Block,0.199,0.38,0.209,1.2,0.192,28.1,0.16
2026-08-16,Mine A,South Pit,0.12,0.388,0.134,3.3,0.233,30.7,0.33
2026-08-16,Mine B,East Ridge,0.177,0.514,0.206,4.5,0.178,32.4,0.1
2026-08-16,Mine B,Deep West,0.201,0.405,0.143,5.1,0.222,35.9,0.33
2026-08-17,Mine A,North Block,0.19,0.487,0.152,2.4,0.226,28.6,0.3
2026-08-17,Mine A,South Pit,0.203,0.439,0.224,8.7,0.224,35.6,0.27
2026-08-17,Mine B,East Ridge,0.153,0.497,0.23,17.2,0.226,29.9,0.4
2026-08-17,Mine B,Deep West,0.141,0.38,0.234,4.1,0.2,31.0,0.19
2026-08-18,Mine A,North Block,0.119,0.365,0.206,2.3,0.148,31.3,0.49
2026-08-18,Mine A,South Pit,0.116,0.438,0.191,7.3,0.199,31.7,0.27
2026-08-18,Mine B,East Ridge,0.129,0.513,0.254,1.3,0.191,30.1,0.18
2026-08-18,Mine B,Deep West,0.164,0.353,0.221,2.1,0.174,29.8,0.23
2026-08-19,Mine A,North Block,0.129,0.393,0.147,5.9,0.221,31.4,0.15
2026-08-19,Mine A,South Pit,0.124,0.516,0.142,6.5,0.224,36.1,0.26
2026-08-19,Mine B,East Ridge,,0.446,0.185,11.9,0.221,30.6,0.44
2026-08-19,Mine B,Deep West,0.183,0.502,0.11,5.5,0.199,28.7,0.39
2026-08-20,Mine A,North Block,0.166,0.372,0.186,1.2,0.176,29.2,0.26
2026-08-20,Mine A,South Pit,0.219,0.467,0.251,11.5,0.272,32.1,0.2
2026-08-20,Mine B,East Ridge,0.148,0.461,0.228,4.3,0.196,35.2,0.26
2026-08-20,Mine B,Deep West,0.148,0.364,0.279,7.1,0.209,32.9,0.24
2026-08-21,Mine A,North Block,,0.408,0.174,1.1,0.206,31.3,0.23
2026-08-21,Mine A,South Pit,0.115,0.436,0.205,10.2,0.204,36.0,0.3
2026-08-21,Mine B,East Ridge,0.206,0.353,0.232,20.2,0.283,30.1,0.44
2026-08-21,Mine B,Deep West,0.115,0.506,0.185,21.6,0.276,31.7,0.36
2026-08-22,Mine A,North Block,0.117,0.448,0.212,0.2,0.177,29.8,0.15
2026-08-22,Mine A,South Pit,0.178,0.352,0.225,5.6,0.247,35.3,0.43
2026-08-22,Mine B,East Ridge,0.125,0.464,0.101,4.3,0.24,35.8,0.24
2026-08-22,Mine B,Deep West,0.147,0.414,0.139,20.7,0.301,28.8,0.15
2026-08-23,Mine A,North Block,0.186,0.473,0.226,7.0,0.205,34.9,0.23
2026-08-23,Mine A,South Pit,0.201,0.517,0.189,3.0,0.194,30.3,0.14
2026-08-23,Mine B,East Ridge,0.214,0.412,0.264,0.1,0.172,28.6,0.33
2026-08-23,Mine B,Deep West,0.179,0.458,0.213,12.1,0.224,33.2,0.4
2026-08-24,Mine A,North Block,0.163,0.437,0.249,6.5,0.221,28.7,0.19
2026-08-24,Mine A,South Pit,0.114,0.455,0.249,4.7,0.21,32.5,0.33
2026-08-24,Mine B,East Ridge,0.218,0.417,0.141,1.4,0.219,29.0,0.17
2026-08-24,Mine B,Deep West,0.181,0.365,0.261,1.5,0.22,33.2,0.37
2026-08-25,Mine A,North Block,0.212,0.402,0.256,3.9,0.192,35.3,0.26
2026-08-25,Mine A,South Pit,0.173,0.397,0.248,12.2,0.202,30.1,0.47
2026-08-25,Mine B,East Ridge,0.204,0.454,0.254,0.0,0.142,33.5,0.23
2026-08-25,Mine B,Deep West,0.111,0.445,0.219,2.5,0.208,31.8,0.31
2026-08-26,Mine A,North Block,0.176,0.397,0.114,7.2,0.226,29.0,0.13
2026-08-26,Mine A,South Pit,0.189,0.459,0.16,4.5,0.235,30.8,0.32
2026-08-26,Mine B,East Ridge,0.187,0.414,0.27,11.2,0.262,28.1,0.32
2026-08-26,Mine B,Deep West,0.132,0.408,0.186,13.6,0.276,30.1,0.34
2026-08-27,Mine A,North Block,0.213,0.505,0.195,2.8,0.169,28.9,0.49
2026-08-27,Mine A,South Pit,0.147,0.401,0.204,10.3,0.233,33.4,0.27
2026-08-27,Mine B,East Ridge,0.116,0.393,0.113,5.5,0.174,28.7,0.25
2026-08-27,Mine B,Deep West,0.182,0.396,0.257,0.9,0.197,28.3,0.43
2026-08-28,Mine A,North Block,0.123,0.519,0.177,5.3,0.21,32.8,0.25
2026-08-28,Mine A,South Pit,0.202,0.427,0.23,3.4,0.158,31.1,0.38
2026-08-28,Mine B,East Ridge,0.145,0.516,0.146,0.9,0.194,29.2,0.18
2026-08-28,Mine B,Deep West,0.173,0.512,0.193,4.9,0.218,31.4,0.11
2026-08-29,Mine A,North Block,0.215,0.496,0.141,13.7,0.237,32.9,0.23
2026-08-29,Mine A,South Pit,0.204,0.482,0.171,2.0,0.191,35.8,0.18
2026-08-29,Mine B,East Ridge,0.124,0.501,0.235,5.6,0.175,28.3,0.3
2026-08-29,Mine B,Deep West,0.191,0.483,0.237,4.4,0.197,31.1,0.31
2026-08-30,Mine A,North Block,,0.406,0.125,10.3,0.219,30.8,0.29
2026-08-30,Mine A,South Pit,0.177,0.424,0.113,4.1,0.178,29.9,0.49
2026-08-30,Mine B,East Ridge,0.119,0.509,0.168,5.4,0.209,30.5,0.45
2026-08-30,Mine B,Deep West,0.189,0.373,0.152,6.9,0.252,30.8,0.42
2026-08-31,Mine A,North Block,0.168,0.442,0.183,1.3,0.175,36.0,0.39
2026-08-31,Mine A,South Pit,0.218,0.509,0.255,3.2,0.209,33.1,0.29
2026-08-31,Mine B,East Ridge,0.216,0.421,0.208,17.6,0.31,31.3,0.46
2026-08-31,Mine B,Deep West,0.192,0.439,0.148,9.9,0.221,30.1,0.48
2026-09-01,Mine A,North Block,0.178,0.419,0.136,3.0,0.235,32.1,0.15
2026-09-01,Mine A,South Pit,0.155,0.41,0.173,6.5,0.225,34.2,0.18
2026-09-01,Mine B,East Ridge,0.165,0.379,0.123,1.1,0.226,29.1,0.17
2026-09-01,Mine B,Deep West,0.154,0.505,0.215,5.4,0.248,33.6,0.19
2026-09-02,Mine A,North Block,0.129,0.396,0.151,2.9,0.203,35.3,0.22
2026-09-02,Mine A,South Pit,0.118,0.397,0.136,0.6,0.181,28.3,0.23
2026-09-02,Mine B,East Ridge,0.155,0.369,0.222,0.5,0.188,31.6,0.1
2026-09-02,Mine B,Deep West,0.11,0.512,0.247,2.4,0.22,34.2,0.21
2026-09-03,Mine A,North Block,0.216,0.465,0.203,4.7,0.212,34.3,0.11
2026-09-03,Mine A,South Pit,0.162,0.509,0.114,5.8,0.217,33.1,0.17
2026-09-03,Mine B,East Ridge,0.214,0.361,0.172,1.4,0.207,35.7,0.19
2026-09-03,Mine B,Deep West,0.21,0.494,0.123,0.0,0.193,32.6,0.15
2026-09-04,Mine A,North Block,0.212,0.418,0.26,0.2,0.198,35.6,0.14
2026-09-04,Mine A,South Pit,0.123,0.508,0.182,1.0,0.234,32.0,0.21
2026-09-04,Mine B,East Ridge,0.186,0.407,0.225,2.7,0.192,32.2,0.12
2026-09-04,Mine B,Deep West,0.211,0.433,0.181,2.4,0.192,32.2,0.21
2026-09-05,Mine A,North Block,0.143,0.481,0.159,0.4,0.179,30.1,0.2
2026-09-05,Mine A,South Pit,0.124,0.427,0.191,0.6,0.182,34.6,0.13
2026-09-05,Mine B,East Ridge,0.141,0.375,0.152,2.3,0.214,30.5,0.11
2026-09-05,Mine B,Deep West,0.152,0.472,0.161,0.7,0.193,33.6,0.18
2026-09-06,Mine A,North Block,0.214,0.473,0.116,0.7,0.175,31.6,0.11
2026-09-06,Mine A,South Pit,0.2,0.419,0.14,3.7,0.199,33.2,0.21
2026-09-06,Mine B,East Ridge,0.209,0.499,0.244,1.4,0.223,36.1,0.18
2026-09-06,Mine B,Deep West,0.164,0.494,0.191,5.7,0.254,30.3,0.11
2026-09-07,Mine A,North Block,,0.395,0.163,2.8,0.186,29.4,0.21
2026-09-07,Mine A,South Pit,0.121,0.487,0.167,2.5,0.18,32.7,0.16
2026-09-07,Mine B,East Ridge,0.157,0.381,0.27,2.1,0.173,33.2,0.23
2026-09-07,Mine B,Deep West,0.199,0.468,0.238,2.8,0.208,30.9,0.13
2026-09-08,Mine A,North Block,0.217,0.403,0.183,1.2,0.17,33.4,0.13
2026-09-08,Mine A,South Pit,0.194,0.36,0.28,2.2,0.221,35.2,0.18
2026-09-08,Mine B,East Ridge,0.148,0.499,0.136,2.8,0.201,29.0,0.23
2026-09-08,Mine B,Deep West,0.128,0.495,0.224,0.2,0.199,35.1,0.22
2026-09-09,Mine A,North Block,0.166,0.44,0.245,1.5,0.182,30.4,0.13
2026-09-09,Mine A,South Pit,0.131,0.359,0.257,3.1,0.22,34.6,0.19
2026-09-09,Mine B,East Ridge,0.143,0.352,0.154,0.2,0.197,35.4,0.16
2026-09-09,Mine B,Deep West,0.206,0.505,0.148,1.7,0.167,32.5,0.16
2026-09-10,Mine A,North Block,0.19,0.414,0.101,1.2,0.199,30.0,0.25
2026-09-10,Mine A,South Pit,0.112,0.467,0.153,0.0,0.181,32.2,0.17
2026-09-10,Mine B,East Ridge,0.169,0.384,0.192,1.6,0.171,30.0,0.16
2026-09-10,Mine B,Deep West,0.122,0.43,0.113,0.3,0.171,34.4,0.2
2026-09-11,Mine A,North Block,0.17,0.449,0.172,1.8,0.193,35.9,0.18
2026-09-11,Mine A,South Pit,0.203,0.424,0.249,6.0,0.176,30.4,0.22
2026-09-11,Mine B,East Ridge,0.143,0.473,0.141,3.5,0.209,30.5,0.14
2026-09-11,Mine B,Deep West,0.121,0.39,0.168,0.0,0.162,29.5,0.21
2026-09-12,Mine A,North Block,0.179,0.375,0.134,1.3,0.167,31.8,0.15
2026-09-12,Mine A,South Pit,0.206,0.463,0.162,3.9,0.223,31.2,0.14
2026-09-12,Mine B,East Ridge,0.21,0.437,0.165,2.3,0.219,35.9,0.24
2026-09-12,Mine B,Deep West,0.133,0.506,0.247,1.3,0.185,35.5,0.2
2026-09-13,Mine A,North Block,0.142,0.454,0.245,7.7,0.211,29.0,0.12
2026-09-13,Mine A,South Pit,0.13,0.367,0.165,4.6,0.215,28.0,0.19
2026-09-13,Mine B,East Ridge,0.161,0.434,0.177,1.4,0.185,33.5,0.13
2026-09-13,Mine B,Deep West,0.191,0.445,0.267,6.2,0.204,32.4,0.13
2026-09-14,Mine A,North Block,0.128,0.443,0.196,0.9,0.167,30.4,0.19
2026-09-14,Mine A,South Pit,0.131,0.43,0.23,0.2,0.179,33.3,0.2
2026-09-14,Mine B,East Ridge,0.184,0.363,0.183,1.5,0.155,36.0,0.19
2026-09-14,Mine B,Deep West,0.214,0.363,0.268,4.4,0.183,36.4,0.11
2026-09-15,Mine A,North Block,0.195,0.356,0.207,0.9,0.179,33.4,0.17
2026-09-15,Mine A,South Pit,0.162,0.407,0.119,0.4,0.205,31.0,0.15
2026-09-15,Mine B,East Ridge,0.214,0.475,0.215,0.3,0.181,29.0,0.24
2026-09-15,Mine B,Deep West,0.166,0.469,0.206,2.1,0.18,28.9,0.22
2026-09-16,Mine A,North Block,0.147,0.456,0.26,3.6,0.202,31.2,0.18
2026-09-16,Mine A,South Pit,0.121,0.36,0.109,1.4,0.178,31.4,0.22
2026-09-16,Mine B,East Ridge,0.134,0.397,0.199,1.0,0.21,28.4,0.21
2026-09-16,Mine B,Deep West,0.198,0.381,0.173,0.3,0.163,36.0,0.12
2026-09-17,Mine A,North Block,0.154,0.395,0.168,0.9,0.186,34.3,0.12
2026-09-17,Mine A,South Pit,,0.353,0.239,1.4,0.216,30.1,0.15
2026-09-17,Mine B,East Ridge,0.164,0.385,0.233,0.4,0.184,34.9,0.22
2026-09-17,Mine B,Deep West,0.121,0.517,0.255,2.4,0.185,35.7,0.14
2026-09-18,Mine A,North Block,0.118,0.416,0.233,2.3,0.194,31.8,0.13
2026-09-18,Mine A,South Pit,0.206,0.358,0.169,1.0,0.19,33.1,0.15
2026-09-18,Mine B,East Ridge,0.132,0.509,0.103,0.3,0.169,30.4,0.2
2026-09-18,Mine B,Deep West,0.165,0.405,0.124,1.2,0.192,32.1,0.1
2026-09-19,Mine A,North Block,0.132,0.399,0.129,0.9,0.206,33.0,0.18
2026-09-19,Mine A,South Pit,0.172,0.511,0.135,0.6,0.196,32.4,0.13
2026-09-19,Mine B,East Ridge,0.114,0.402,0.234,2.1,0.195,30.2,0.14
2026-09-19,Mine B,Deep West,0.196,0.427,0.226,0.1,0.206,34.0,0.13
2026-09-20,Mine A,North Block,0.118,0.436,0.159,1.0,0.178,36.1,0.19
2026-09-20,Mine A,South Pit,0.2,0.444,0.181,1.4,0.165,30.7,0.1
2026-09-20,Mine B,East Ridge,0.158,0.417,0.252,0.7,0.166,36.2,0.23
2026-09-20,Mine B,Deep West,0.192,0.44,0.246,1.1,0.155,30.0,0.18
2026-09-21,Mine A,North Block,0.129,0.35,0.181,3.0,0.209,30.9,0.22
2026-09-21,Mine A,South Pit,0.205,0.394,0.141,0.9,0.166,29.6,0.18
2026-09-21,Mine B,East Ridge,0.189,0.481,0.183,1.3,0.157,29.4,0.14
2026-09-21,Mine B,Deep West,0.216,0.49,0.137,2.5,0.192,29.2,0.21
2026-09-22,Mine A,North Block,0.139,0.427,0.395,36.8,0.39,26.6,0.68
2026-09-22,Mine A,South Pit,0.204,0.466,0.148,1.9,0.21,28.3,0.1
2026-09-22,Mine B,East Ridge,0.114,0.509,0.162,2.3,0.163,30.6,0.22
2026-09-22,Mine B,Deep West,0.137,0.519,0.136,0.2,0.213,30.3,0.13
2026-09-23,Mine A,North Block,0.158,0.433,0.341,47.0,0.454,27.4,0.68
2026-09-23,Mine A,South Pit,0.13,0.48,0.161,2.0,0.189,36.4,0.21
2026-09-23,Mine B,East Ridge,0.219,0.418,0.211,0.4,0.209,32.6,0.17
2026-09-23,Mine B,Deep West,0.213,0.442,0.238,0.9,0.177,33.9,0.16
2026-09-24,Mine A,North Block,0.13,0.411,0.321,34.3,0.397,24.1,0.77
2026-09-24,Mine A,South Pit,0.156,0.508,0.241,0.6,0.237,33.5,0.24
2026-09-24,Mine B,East Ridge,0.172,0.484,0.233,0.4,0.192,33.7,0.12
2026-09-24,Mine B,Deep West,0.138,0.482,0.272,2.0,0.19,35.0,0.12
2026-09-25,Mine A,North Block,0.134,0.418,0.395,50.1,0.428,25.3,0.76
2026-09-25,Mine A,South Pit,0.197,0.431,0.197,2.3,0.198,32.2,0.13
2026-09-25,Mine B,East Ridge,0.22,0.37,0.103,2.9,0.175,29.4,0.23
2026-09-25,Mine B,Deep West,0.199,0.496,0.278,4.4,0.237,34.2,0.14
2026-09-26,Mine A,North Block,0.154,0.402,0.379,39.6,0.437,25.4,0.68
2026-09-26,Mine A,South Pit,0.205,0.432,0.114,1.4,0.191,32.9,0.11
2026-09-26,Mine B,East Ridge,0.203,0.439,0.268,1.6,0.189,29.3,0.15
2026-09-26,Mine B,Deep West,0.141,0.438,0.147,3.3,0.17,29.5,0.24
2026-09-27,Mine A,North Block,0.135,0.423,0.375,37.5,0.428,24.2,0.67
2026-09-27,Mine A,South Pit,0.213,0.359,0.221,1.1,0.179,31.1,0.18
2026-09-27,Mine B,East Ridge,0.119,0.488,0.229,4.4,0.192,34.1,0.14
2026-09-27,Mine B,Deep West,0.185,0.491,0.107,2.6,0.203,34.1,0.12
2026-09-28,Mine A,North Block,0.157,0.403,0.404,32.6,0.41,26.0,0.68
2026-09-28,Mine A,South Pit,0.16,0.51,0.122,0.0,0.193,33.2,0.11
2026-09-28,Mine B,East Ridge,0.141,0.498,0.209,0.5,0.177,31.7,0.1
2026-09-28,Mine B,Deep West,0.202,0.502,0.248,1.9,0.172,36.5,0.17
